Age,Job,Saving accounts,Checking account,Credit amount,Duration,Sex_female,Sex_male,Housing_free,Housing_own,Housing_rent,Purpose_business,Purpose_car,Purpose_domestic appliances,Purpose_education,Purpose_furniture,Purpose_radio/TV,Purpose_repairs,Purpose_vacation/others
0.9062080495885729,2,1,0,1.324597327526121,-1.6460757662855439,1,0,1,0,0,0,0,0,0,0,0,1,0
1.7047374771389998,2,1,2,1.549539712328199,-1.0768574880981505,0,1,0,1,0,0,0,0,0,0,1,0,0
-1.4279548924819057,3,1,0,1.2360429341415873,-0.5593863261096111,1,0,1,0,0,1,0,0,0,0,0,0,0
0.3533799843613543,0,0,1,1.2582704425212392,-0.9216161395015887,1,0,0,1,0,0,0,1,0,0,0,0,0
0.47623066552295845,3,0,0,-0.48152109337088156,0.42380888166861364,0,1,0,1,0,0,0,0,0,0,0,1,0
1.5818867959773957,3,1,0,1.6464516488634817,1.2517627408502765,0,1,0,0,1,0,1,0,0,0,0,0,0
0.23052930319975018,1,3,1,0.08910350175154443,0.42380888166861364,0,1,0,1,0,0,0,0,0,0,1,0,0
-1.3051042113203015,0,0,1,-0.41732804917044664,1.769233902838816,0,1,0,0,1,0,1,0,0,0,0,0,0
1.2747600930733853,1,2,0,1.7328722014435687,1.665739670441108,0,1,0,1,0,0,0,0,0,0,0,1,0
1.3361854336541874,1,4,0,-1.7099021164639694,1.665739670441108,0,1,1,0,0,0,0,0,0,1,0,0,0
0.967633390169375,0,0,1,-0.2878750403673534,-0.14540939651877968,1,0,0,0,1,0,0,0,0,0,1,0,0
0.7219320278461667,2,0,2,1.0086110684009881,-0.3006507451153415,1,0,0,0,1,0,1,0,0,0,0,0,0
-0.3222987620274685,0,1,0,-0.9931094262369519,0.5790502302651754,0,1,0,1,0,1,0,0,0,0,0,0,0
0.29195464378055225,1,3,1,0.6198964018576341,0.16507330067434395,1,0,0,1,0,0,1,0,0,0,0,0,0
0.1691039626189481,1,0,2,-0.8042645150434286,1.5622454380434003,1,0,0,1,0,0,0,1,0,0,0,0,0
-0.07659739970426017,2,0,0,1.0461311025458406,-0.40414497751304934,0,1,0,0,1,0,0,0,0,1,0,0,0
-0.752276146093083,2,0,2,-0.5921251750680299,1.7174867866399621,1,0,0,0,1,0,0,0,0,0,1,0,0
-0.9979775084162913,2,0,2,0.7180530788621773,1.2517627408502765,0,1,0,1,0,0,0,0,1,0,0,0,0
0.23052930319975018,1,1,1,-1.0292068998455066,1.4587512056456924,1,0,1,0,0,0,1,0,0,0,0,0,0
0.7833573684269688,1,0,0,1.2340869134041779,-1.0768574880981505,1,0,0,1,0,0,0,0,0,1,0,0,0
1.4590361148157915,1,1,0,-1.7106133967321182,-0.9216161395015887,1,0,0,1,0,0,0,0,0,0,1,0,0
-0.07659739970426017,2,3,0,0.11577651180712681,0.00983195207778213,0,1,0,1,0,0,0,0,0,1,0,0,0
-0.13802274028506226,3,1,1,-0.36647150999780287,-0.5076392099107573,0,1,0,1,0,0,0,1,0,0,0,0,0
0.23052930319975018,0,4,0,-0.7004175958936945,-1.2838459528935662,0,1,0,1,0,0,0,0,0,0,1,0,0
1.7047374771389998,2,0,1,-0.10952151312902579,1.4070040894468385,0,1,0,1,0,0,1,0,0,0,0,0,0
-0.5065747837698746,0,2,0,1.1151252885562806,-0.40414497751304934,0,1,0,1,0,0,0,0,0,0,1,0,0
-0.8137014866738851,0,0,1,-0.9756830596673047,1.5622454380434003,0,1,0,1,0,0,1,0,0,0,0,0,0
0.9062080495885729,2,2,0,0.6650626988850868,-0.09366228031992574,1,0,0,0,1,0,1,0,0,0,0,0,0
1.0904840713309791,1,1,0,0.8848483017430858,-0.6111334423084651,0,1,0,1,0,0,0,0,0,0,1,0,0
-1.0594028489970932,1,3,0,1.0738710330036463,0.16507330067434395,1,0,0,1,0,0,0,0,1,0,0,0,0
1.2747600930733853,3,0,0,1.11388054808702,-0.19715651271763363,0,1,0,0,1,0,0,0,0,0,1,0,0
0.5990813466845626,2,1,3,-1.5381279317060188,0.21682041687319786,0,1,0,1,0,0,1,0,0,0,0,0,0
0.5990813466845626,2,4,1,-1.4936729149467147,1.1482685084525688,1,0,1,0,0,0,0,0,0,1,0,0,0
1.0904840713309791,2,2,1,-0.8183123003393685,0.16507330067434395,0,1,0,1,0,0,0,1,0,0,0,0,0
1.0904840713309791,0,1,0,1.1711386096730034,-0.7146276747061729,0,1,0,1,0,0,1,0,0,0,0,0,0
-1.4279548924819057,2,0,1,1.6213790194112343,-1.6978228824843977,1,0,0,1,0,0,1,0,0,0,0,0,0
-1.6122309142243119,3,1,0,-1.314430287373201,1.665739670441108,1,0,0,1,0,0,0,1,0,0,0,0,0
-1.5508055736435098,1,0,1,-0.7342034086307654,-1.439087301490128,1,0,0,1,0,0,0,0,0,0,1,0,0
0.3533799843613543,2,3,0,-1.5553764782086288,-0.0419151641210718,1,0,0,1,0,0,0,0,0,1,0,0,0
-0.5680001243506767,2,3,0,1.0327945975180495,0.5790502302651754,0,1,0,0,1,0,0,1,0,0,0,0,0
1.7047374771389998,1,1,2,-0.5001922004097893,-0.8698690233027347,1,0,0,0,1,0,0,0,0,0,0,1,0
0.29195464378055225,2,0,1,0.3263154711791905,-0.9733632557004427,0,1,0,1,0,0,1,0,0,0,0,0,0
-0.6294254649314788,2,0,0,1.7691474951191608,0.00983195207778213,1,0,1,0,0,0,0,1,0,0,0,0,0
1.3976107742349895,1,0,1,1.1176147694948015,-1.6460757662855439,1,0,0,0,1,0,1,0,0,0,0,0,0
1.4590361148157915,2,2,1,0.13853748038789046,1.665739670441108,1,0,0,0,1,0,1,0,0,0,0,0,0
-1.6736562548051142,3,0,2,0.18548197808571545,0.21682041687319786,1,0,0,1,0,0,0,0,0,1,0,0,0
1.7047374771389998,1,1,1,-0.09760756863753232,-0.8181219071038809,1,0,0,0,1,0,0,1,0,0,0,0,0
-1.7350815953859162,1,0,1,-0.7142875611225973,1.4070040894468385,0,1,0,0,1,0,0,0,0,0,0,1,0
-0.8137014866738851,0,1,1,-0.535400573683158,-0.14540939651877968,1,0,0,1,0,0,0,0,0,1,0,0,0
-0.4451494431890726,2,1,0,-0.08444888367677834,-0.6111334423084651,1,0,0,1,0,0,0,0,0,1,0,0,0
0.29195464378055225,0,1,0,1.084184596891805,0.32031464927090575,0,1,0,0,1,0,1,0,0,0,0,0,0
0.1691039626189481,2,4,0,0.5373878907523658,-1.3873401852912741,0,1,0,1,0,0,1,0,0,0,0,0,0
1.5204614553965936,3,0,2,0.47941854889823343,1.3552569732479844,0,1,0,1,0,0,1,0,0,0,0,0,0
-0.3222987620274685,2,0,0,0.71787525879514,-0.14540939651877968,0,1,0,1,0,0,0,0,0,1,0,0,0
-0.015172059123458105,1,3,1,-0.8085321966523217,-1.490834417688982,1,0,0,1,0,0,0,0,0,0,1,0,0
-0.6294254649314788,1,1,3,-0.7473620935915194,-0.5076392099107573,0,1,0,0,1,0,0,0,0,0,1,0,0
0.9062080495885729,3,0,0,1.5943503692215775,-0.9733632557004427,1,0,0,0,1,0,0,1,0,0,0,0,0
0.47623066552295845,0,1,2,0.43834211341263657,1.5622454380434003,0,1,0,1,0,0,1,0,0,0,0,0,0
-0.3222987620274685,2,1,2,1.4364461496925296,1.5104983218445462,0,1,1,0,0,0,0,0,1,0,0,0,0
-0.4451494431890726,2,4,0,0.35476668190514504,1.5622454380434003,0,1,0,1,0,0,0,0,1,0,0,0,0
0.47623066552295845,3,0,2,0.9787372971387358,-0.19715651271763363,0,1,0,1,0,0,0,0,1,0,0,0,0
0.5990813466845626,0,0,0,0.33645121500031183,0.42380888166861364,0,1,0,0,1,0,0,0,0,0,1,0,0
-1.7350815953859162,0,2,1,0.6595502768069332,-1.2320988366947123,0,1,0,1,0,0,0,0,0,0,1,0,0
-0.19944808086586432,1,1,0,1.589904867545647,-0.3006507451153415,0,1,0,0,1,0,0,0,0,0,1,0,0
-0.26087342144666636,2,0,0,0.8786245993967833,0.9930271598560069,0,1,0,0,1,0,0,0,0,1,0,0,0
-0.19944808086586432,1,0,1,-1.3624417054732494,1.6139925542422542,0,1,0,0,1,0,0,0,0,1,0,0,0
-1.4893802330627077,1,1,0,1.2863660131131194,1.0965213922537147,0,1,0,1,0,0,0,0,0,1,0,0,0
1.2133347524925833,1,1,1,0.7687317979677838,-0.24890362891648754,1,0,0,1,0,0,1,0,0,0,0,0,0
-0.9979775084162913,2,1,0,-0.29054234137291163,1.0447742760548608,1,0,0,1,0,0,1,0,0,0,0,0,0
1.029058730750177,2,1,2,1.4643639002173725,-1.6460757662855439,0,1,0,1,0,0,0,0,0,1,0,0,0
-1.2436788707394995,1,0,0,-0.36433766919335625,0.00983195207778213,0,1,0,1,0,0,0,0,0,1,0,0,0
1.5818867959773957,1,1,1,-1.5982311143645977,-0.09366228031992574,0,1,0,1,0,0,0,0,0,1,0,0,0
-0.5680001243506767,0,0,0,1.4896143497366572,0.7342915788617372,0,1,0,1,0,0,0,1,0,0,0,0,0
0.9062080495885729,1,1,0,0.8812919004023415,-0.9733632557004427,0,1,0,1,0,0,1,0,0,0,0,0,0
-0.9365521678354892,2,1,1,1.0829398564225443,-1.1803517204958585,0,1,0,0,1,0,1,0,0,0,0,0,0
-0.9365521678354892,1,1,0,-0.2219037954965463,1.7174867866399621,1,0,0,1,0,0,0,0,0,0,0,1,0
1.7047374771389998,2,0,0,-1.301271602412447,0.9930271598560069,0,1,0,0,1,0,1,0,0,0,0,0,0
0.967633390169375,1,0,0,0.5018238773449226,-1.6460757662855439,1,0,0,1,0,0,1,0,0,0,0,0,0
0.1691039626189481,2,4,1,0.17534623426459417,-0.14540939651877968,1,0,0,0,1,0,1,0,0,0,0,0,0
-1.0594028489970932,1,0,3,0.12857955663380635,1.7174867866399621,1,0,0,1,0,0,0,0,0,0,1,0,0
-0.015172059123458105,0,1,1,-1.6005427752360815,-0.3523978613141954,1,0,0,1,0,0,0,0,0,0,1,0,0
1.4590361148157915,0,1,0,0.949219166010558,0.8377858112594451,0,1,0,1,0,0,1,0,0,0,0,0,0
-0.07659739970426017,2,0,2,0.8402154649167446,-0.3523978613141954,0,1,0,1,0,0,1,0,0,0,0,0,0
0.5376560061037605,2,2,0,-0.42888635352786564,-1.0768574880981505,0,1,0,1,0,0,0,0,0,1,0,0,0
-0.8137014866738851,1,1,0,-1.246858661899059,0.06157906827663607,0,1,0,1,0,0,0,0,0,1,0,0,0
0.5990813466845626,1,4,0,1.0971654617855215,1.665739670441108,0,1,0,0,1,0,0,0,0,0,1,0,0
-1.1208281895778953,3,0,1,0.36116820431848484,-0.0419151641210718,0,1,0,0,1,0,1,0,0,0,0,0,0
0.23052930319975018,1,1,1,-0.7774136849208089,-1.6978228824843977,0,1,0,0,1,0,0,0,0,1,0,0,0
0.7833573684269688,0,3,1,1.6126658361264108,0.941280043657153,1,0,0,0,1,1,0,0,0,0,0,0,0
-0.07659739970426017,2,0,1,-0.6040391195595234,-0.7663747909050269,0,1,0,1,0,1,0,0,0,0,0,0,0
-0.8751268272546872,0,0,1,0.671819861432501,1.7174867866399621,1,0,0,0,1,0,0,0,1,0,0,0,0
-0.38372410260827056,2,1,0,0.22015689115797257,-0.7146276747061729,0,1,0,1,0,0,1,0,0,0,0,0,0
-1.3665295519011036,3,0,0,-1.5808047477949505,0.8377858112594451,1,0,0,0,1,0,0,0,0,0,1,0,0
-1.6122309142243119,1,3,1,-0.7034405370333271,0.7342915788617372,0,1,0,1,0,0,0,0,1,0,0,0,0
-1.1822535301586974,1,4,0,-1.2217860324468115,1.7174867866399621,0,1,0,0,1,0,0,0,0,1,0,0,0
1.3361854336541874,3,0,2,1.7689696750521235,1.4587512056456924,0,1,0,0,1,0,0,1,0,0,0,0,0
-0.19944808086586432,1,4,0,-1.2200078317764393,0.00983195207778213,1,0,0,1,0,0,0,0,0,0,1,0,0
0.8447827090077709,1,0,0,1.3848783302517371,-0.9733632557004427,0,1,0,0,1,0,0,0,0,0,1,0,0
1.5204614553965936,2,0,0,0.04891616660113361,0.9930271598560069,0,1,0,0,1,0,1,0,0,0,0,0,0
-1.3051042113203015,0,4,0,-0.6214654861291705,-1.6978228824843977,0,1,1,0,0,1,0,0,0,0,0,0,0
1.6433121365581977,0,0,0,0.22193509182834473,1.2000156246514226,0,1,0,1,0,0,0,0,0,0,1,0,0
1.1519094119117812,1,3,0,0.9654007921109446,1.4587512056456924,1,0,0,1,0,0,0,1,0,0,0,0,0
-0.015172059123458105,2,2,1,-0.35669140631075597,0.8377858112594451,1,0,0,0,1,0,1,0,0,0,0,0,0
-0.19944808086586432,1,0,2,0.4662598639374795,0.26856753307205183,0,1,0,0,1,0,0,0,0,0,1,0,0
1.6433121365581977,2,4,0,-0.4205288103771165,0.11332618447549,1,0,0,0,1,0,0,0,0,0,1,0,0
0.9062080495885729,0,1,0,0.48190802983675446,0.5273031140663215,1,0,0,1,0,0,0,0,0,1,0,0,0
-0.07659739970426017,1,0,0,-1.681628725805052,-1.59432865008669,0,1,0,0,1,1,0,0,0,0,0,0,0
-0.26087342144666636,0,2,0,0.17392367372829642,1.0447742760548608,0,1,1,0,0,1,0,0,0,0,0,0,0
-0.8137014866738851,0,0,0,-0.312236389551452,0.6307973464640294,0,1,1,0,0,0,0,0,0,1,0,0,0
-0.752276146093083,2,1,3,-0.8074652762500985,-0.09366228031992574,1,0,0,1,0,0,0,0,1,0,0,0,0
0.9062080495885729,1,3,2,-0.3449552818862997,-1.439087301490128,1,0,0,1,0,0,0,0,0,0,1,0,0
-0.8137014866738851,2,4,0,0.18334813728126886,-1.439087301490128,1,0,0,1,0,0,0,1,0,0,0,0,0
-0.6908508055122808,1,1,0,0.5747301048301812,-0.3006507451153415,0,1,0,0,1,0,0,0,0,1,0,0,0
0.6605066872653647,1,3,1,0.018686755204806903,-0.40414497751304934,1,0,0,1,0,0,0,0,0,0,1,0,0
-0.5065747837698746,2,3,0,1.6356046247742115,1.2000156246514226,0,1,0,0,1,0,1,0,0,0,0,0,0
1.2133347524925833,0,0,0,1.333666150945019,-1.6978228824843977,0,1,0,1,0,1,0,0,0,0,0,0,0
-0.752276146093083,2,1,1,-1.2898911181220654,-0.4558920937119033,1,0,0,1,0,0,0,0,0,0,1,0,0
-0.26087342144666636,1,0,2,-0.6739224059051492,-0.4558920937119033,0,1,0,1,0,0,0,0,0,1,0,0,0
0.5376560061037605,0,0,0,-1.3510612211828676,0.21682041687319786,0,1,0,1,0,0,0,0,0,0,0,0,1
-1.6736562548051142,1,4,1,0.22549149316908906,1.4587512056456924,1,0,0,1,0,0,1,0,0,0,0,0,0
0.3533799843613543,2,1,3,1.6825491224720366,-1.6460757662855439,1,0,0,1,0,0,1,0,0,0,0,0,0
-1.6122309142243119,2,0,0,-0.6403144132351154,-0.24890362891648754,0,1,0,0,1,1,0,0,0,0,0,0,0
-1.3665295519011036,0,4,2,0.8130089946600506,0.9930271598560069,0,1,0,1,0,1,0,0,0,0,0,0,0
-0.26087342144666636,1,2,0,-1.1206064143026357,0.7342915788617372,1,0,1,0,0,0,0,0,0,0,1,0,0
1.7047374771389998,2,0,3,-0.7475399136585567,-1.490834417688982,1,0,0,1,0,0,0,0,0,0,1,0,0
-0.6908508055122808,1,0,0,-0.5174407469123992,0.32031464927090575,1,0,0,1,0,0,0,1,0,0,0,0,0
-1.7350815953859162,2,0,2,-0.5462475977724282,-0.3006507451153415,0,1,0,1,0,0,0,0,1,0,0,0,0
0.04625328145734397,2,4,0,-0.8823275244727663,0.6825444626628833,0,1,0,1,0,1,0,0,0,0,0,0,0
0.7219320278461667,2,3,3,-1.024583578102539,-0.8181219071038809,1,0,0,1,0,1,0,0,0,0,0,0,0
-0.015172059123458105,3,2,0,-0.03216978396783686,-1.490834417688982,0,1,0,1,0,0,1,0,0,0,0,0,0
1.7047374771389998,2,0,0,-0.5620735837387404,1.769233902838816,0,1,0,1,0,0,0,0,0,0,1,0,0
0.5990813466845626,1,3,1,-0.7932396708871211,-0.40414497751304934,1,0,0,1,0,0,1,0,0,0,0,0,0
-0.6908508055122808,0,0,2,-0.2144353526809832,0.47555599786746755,1,0,0,1,0,0,0,1,0,0,0,0,0
-1.0594028489970932,2,0,0,0.4132694839603891,1.4587512056456924,0,1,0,1,0,0,0,0,0,0,1,0,0
-1.1208281895778953,0,2,0,-1.000577869052515,0.00983195207778213,0,1,0,1,0,0,0,0,0,0,1,0,0
-1.7350815953859162,0,4,1,-1.516078243393404,0.7342915788617372,0,1,0,1,0,1,0,0,0,0,0,0,0
0.967633390169375,0,1,0,0.40846834215038424,-0.14540939651877968,1,0,0,0,1,0,1,0,0,0,0,0,0
-1.6122309142243119,0,1,0,0.447766576965609,-0.14540939651877968,1,0,0,1,0,0,1,0,0,0,0,0,0
-0.26087342144666636,1,1,1,1.2970352171353523,-0.6628805585073191,1,0,1,0,0,0,0,0,0,0,1,0,0
0.3533799843613543,1,0,0,1.3402454934253958,0.6307973464640294,1,0,0,0,1,1,0,0,0,0,0,0,0
-0.07659739970426017,2,0,2,-0.5289990512698183,0.00983195207778213,0,1,0,1,0,0,1,0,0,0,0,0,0
0.10767862203814604,0,0,1,-0.5012591208120125,0.47555599786746755,0,1,0,1,0,0,0,0,0,0,1,0,0
0.1691039626189481,2,1,3,-0.26386933131732926,-0.5593863261096111,1,0,0,0,1,0,0,0,0,0,0,0,1
-1.0594028489970932,3,0,0,-1.409030563037,-1.0768574880981505,1,0,0,0,1,0,0,1,0,0,0,0,0
0.3533799843613543,2,0,3,-0.7751020240493252,0.21682041687319786,1,0,1,0,0,0,0,0,0,0,1,0,0
1.5818867959773957,0,3,1,-1.120072954101524,0.42380888166861364,1,0,0,0,1,0,0,0,0,0,0,0,1
1.3976107742349895,0,0,0,-0.7260236855470535,0.42380888166861364,0,1,0,1,0,0,1,0,0,0,0,0,0
-1.1208281895778953,2,1,1,-1.37773423123845,-0.14540939651877968,0,1,0,0,1,0,0,0,1,0,0,0,0
0.04625328145734397,2,4,0,1.2051022424771118,0.00983195207778213,0,1,0,1,0,0,1,0,0,0,0,0,0
-0.9979775084162913,1,1,1,-1.6608237779616977,1.0447742760548608,1,0,0,1,0,0,1,0,0,0,0,0,0
-0.8137014866738851,1,0,0,1.7648798135102675,-0.24890362891648754,0,1,0,1,0,1,0,0,0,0,0,0,0
1.029058730750177,3,0,1,-0.6017274586880396,-1.1803517204958585,1,0,0,0,1,1,0,0,0,0,0,0,0
1.2133347524925833,1,0,1,0.516938583043086,0.7860386950605912,0,1,0,0,1,0,0,0,0,1,0,0,0
-0.6294254649314788,1,2,0,-1.2776215334964973,0.32031464927090575,0,1,0,1,0,0,1,0,0,0,0,0,0
1.029058730750177,1,1,1,0.4915103134567641,1.4587512056456924,0,1,1,0,0,0,1,0,0,0,0,0,0
0.3533799843613543,2,3,1,-1.2111168284245786,-1.542581533887836,1,0,0,1,0,0,0,0,1,0,0,0,0
0.29195464378055225,2,1,1,0.7685539779007465,-1.3873401852912741,1,0,0,1,0,1,0,0,0,0,0,0,0
1.3976107742349895,1,2,0,0.8674219351734387,-0.5593863261096111,1,0,0,1,0,0,0,0,0,1,0,0,0
1.3361854336541874,2,2,0,-1.4485066179192618,-0.8698690233027347,0,1,0,0,1,0,1,0,0,0,0,0,0
-1.4279548924819057,1,0,1,0.17641315466681745,-0.9216161395015887,1,0,0,1,0,0,1,0,0,0,0,0,0
1.1519094119117812,1,1,1,-1.2936253395298467,0.7860386950605912,0,1,0,0,1,0,1,0,0,0,0,0,0
-0.015172059123458105,1,0,1,-1.2095164478212437,0.21682041687319786,0,1,0,1,0,0,0,0,0,0,1,0,0
0.47623066552295845,1,0,2,1.3896794720617418,0.11332618447549,1,0,0,0,1,1,0,0,0,0,0,0,0
1.1519094119117812,2,0,0,1.1858976752370924,1.5104983218445462,1,0,0,0,1,0,0,0,1,0,0,0,0
-0.5680001243506767,1,1,0,-0.7059300179718481,0.5273031140663215,0,1,0,1,0,1,0,0,0,0,0,0,0
1.7047374771389998,1,0,1,1.5180655604626119,-0.7146276747061729,1,0,0,0,1,0,1,0,0,0,0,0,0
0.5990813466845626,1,0,1,-0.5688307462861546,-0.7663747909050269,0,1,0,1,0,0,1,0,0,0,0,0,0
0.7219320278461667,1,1,0,1.2257293702534289,0.00983195207778213,0,1,0,0,1,1,0,0,0,0,0,0,0
-0.07659739970426017,2,0,1,-1.2601951669268503,-1.0251103718992967,0,1,0,1,0,0,1,0,0,0,0,0,0
0.47623066552295845,3,4,0,-1.1810652370952892,-0.7663747909050269,1,0,0,0,1,0,0,0,0,0,1,0,0
1.5818867959773957,1,0,0,-1.566401322364936,-0.3006507451153415,0,1,0,1,0,0,0,0,0,0,1,0,0
1.2133347524925833,0,1,0,-1.5946747130238534,-0.5076392099107573,1,0,0,0,1,0,0,0,1,0,0,0,0
-0.8137014866738851,1,2,0,-1.55146443673381,-1.1286046042970044,0,1,0,1,0,0,0,0,0,0,1,0,0
-1.5508055736435098,1,2,0,-1.0338302215884743,1.4587512056456924,1,0,0,0,1,0,0,0,0,0,1,0,0
1.5204614553965936,0,3,1,0.352277200966624,-0.9216161395015887,1,0,0,1,0,0,0,0,0,0,0,0,1
0.6605066872653647,2,0,0,0.7290779230184846,-1.6460757662855439,1,0,0,1,0,0,0,0,0,0,1,0,0
0.4148053249421564,0,0,0,-1.3395029168254486,1.2517627408502765,0,1,1,0,0,0,1,0,0,0,0,0,0
0.9062080495885729,3,1,1,1.0495096838195477,0.47555599786746755,1,0,0,1,0,1,0,0,0,0,0,0,0
0.10767862203814604,2,0,2,0.21624484968315383,-1.1803517204958585,0,1,0,1,0,0,0,0,1,0,0,0,0
0.967633390169375,1,1,0,-1.4392599744333268,-1.6978228824843977,0,1,0,1,0,0,0,0,0,1,0,0,0
1.7047374771389998,1,2,0,-0.6950829938825779,1.0965213922537147,0,1,1,0,0,0,1,0,0,0,0,0,0
-0.26087342144666636,1,0,0,-0.23577376072544912,-0.5076392099107573,0,1,0,0,1,0,1,0,0,0,0,0,0
-1.1208281895778953,0,0,1,1.250624179638639,1.5104983218445462,0,1,0,1,0,0,0,0,0,0,0,0,1
-1.6122309142243119,1,0,0,-0.7228229243403836,-0.8698690233027347,1,0,0,1,0,0,0,0,0,0,1,0,0
-1.4279548924819057,2,1,1,-1.3606635048028772,-1.2320988366947123,0,1,0,1,0,0,0,0,0,0,1,0,0
-1.6736562548051142,0,1,0,-1.1673730919334235,1.3552569732479844,0,1,0,1,0,0,0,0,0,0,0,1,0
1.6433121365581977,2,1,2,1.4430254921729067,-1.2838459528935662,0,1,0,1,0,0,0,0,0,1,0,0,0
-1.4279548924819057,2,0,0,0.12377841482380153,-0.7663747909050269,1,0,0,1,0,0,0,0,0,1,0,0,0
-0.015172059123458105,1,0,0,-0.911667835533907,0.21682041687319786,0,1,0,1,0,0,1,0,0,0,0,0,0
-1.5508055736435098,0,4,3,0.7569956735433275,-0.19715651271763363,1,0,0,0,1,0,1,0,0,0,0,0,0
0.10767862203814604,1,0,0,1.340423313492433,0.6825444626628833,0,1,0,1,0,0,1,0,0,0,0,0,0
0.1691039626189481,2,0,0,1.2856547328449706,-1.6978228824843977,0,1,0,1,0,0,1,0,0,0,0,0,0
0.4148053249421564,2,0,0,0.4018889996700073,-0.9733632557004427,1,0,0,1,0,0,1,0,0,0,0,0,0
0.47623066552295845,2,3,2,0.8341695826374792,1.2000156246514226,0,1,0,1,0,1,0,0,0,0,0,0,0
0.6605066872653647,1,0,0,-0.44898002110307106,-0.9733632557004427,0,1,0,0,1,0,0,0,1,0,0,0,0
-0.4451494431890726,1,1,3,1.5600310962833948,-0.6628805585073191,1,0,0,1,0,0,1,0,0,0,0,0,0
0.29195464378055225,1,1,2,-0.6189760051906495,-0.7663747909050269,0,1,0,1,0,0,0,0,0,0,0,1,0
-0.5065747837698746,1,0,1,1.3100160820290692,0.8377858112594451,0,1,1,0,0,0,0,0,0,0,1,0,0
1.4590361148157915,0,1,2,1.2732073281523655,-0.5593863261096111,0,1,0,1,0,0,0,0,0,0,1,0,0
-1.6122309142243119,1,1,0,-0.20625562959727128,-1.1803517204958585,1,0,0,1,0,0,1,0,0,0,0,0,0
0.1691039626189481,2,1,0,0.978026016870587,0.8377858112594451,0,1,0,1,0,1,0,0,0,0,0,0,0
-1.4893802330627077,2,1,3,-0.7462951731892962,1.665739670441108,1,0,0,0,1,0,0,0,1,0,0,0,0
-1.7350815953859162,2,0,0,0.45950270139006527,-0.7663747909050269,1,0,0,0,1,0,0,0,0,0,1,0,0
0.47623066552295845,1,0,0,-0.8785933030649847,-0.09366228031992574,1,0,1,0,0,0,1,0,0,0,0,0,0
0.5990813466845626,2,4,0,1.1809187133600503,-1.0768574880981505,0,1,1,0,0,0,0,0,1,0,0,0,0
-1.4893802330627077,1,0,3,1.3806106486428438,-1.0768574880981505,0,1,0,1,0,0,0,0,1,0,0,0,0
1.6433121365581977,2,1,0,-1.508787620644878,-0.14540939651877968,1,0,0,1,0,1,0,0,0,0,0,0,0
0.1691039626189481,2,1,1,-1.0916217433755695,0.06157906827663607,0,1,1,0,0,0,0,0,0,0,1,0,0
0.7833573684269688,0,2,3,1.7687918549850863,-0.14540939651877968,0,1,0,1,0,0,0,0,0,0,1,0,0
0.967633390169375,2,0,1,0.19152786036498082,-1.3355930690924203,0,1,0,0,1,0,0,1,0,0,0,0,0
1.4590361148157915,1,3,1,-1.0951781447163138,1.3035098570491306,1,0,0,0,1,0,0,0,0,0,1,0,0
1.7047374771389998,2,3,0,0.251808863090597,-1.2320988366947123,0,1,0,1,0,0,1,0,0,0,0,0,0
-0.3222987620274685,1,2,0,-1.6590455772913255,1.3035098570491306,0,1,0,1,0,0,0,0,1,0,0,0,0
-0.9365521678354892,1,1,0,-1.7051009746539645,-0.40414497751304934,1,0,0,1,0,0,0,0,0,1,0,0,0
0.29195464378055225,1,3,0,0.7578847738785136,-1.2838459528935662,1,0,0,0,1,0,0,0,0,0,1,0,0
-0.38372410260827056,0,0,1,-0.7430944119826263,-1.0251103718992967,1,0,0,1,0,0,0,1,0,0,0,0,0
-0.5065747837698746,1,0,2,-0.32503943437813154,-1.2320988366947123,1,0,0,0,1,0,0,0,0,0,1,0,0
0.47623066552295845,2,0,0,1.4307559075473388,-1.1803517204958585,1,0,0,1,0,0,1,0,0,0,0,0,0
-1.1822535301586974,1,4,0,1.053777365428441,-0.24890362891648754,1,0,0,0,1,0,0,0,0,0,0,0,1
-0.38372410260827056,1,1,0,-1.3240325709932108,1.5104983218445462,1,0,0,0,1,0,1,0,0,0,0,0,0
-1.3051042113203015,1,1,0,1.6775701605949944,0.06157906827663607,0,1,1,0,0,0,0,0,0,0,0,1,0
0.47623066552295845,1,0,0,-0.19025182356392184,-0.7146276747061729,1,0,0,1,0,0,0,0,0,0,1,0,0
0.29195464378055225,2,1,0,-1.3419923977639696,0.00983195207778213,1,0,1,0,0,0,0,0,0,0,1,0,0
0.5990813466845626,1,0,0,-0.8433849297916161,0.47555599786746755,1,0,1,0,0,0,1,0,0,0,0,0,0
-0.38372410260827056,1,1,1,-1.4762465483770677,-0.7146276747061729,1,0,0,1,0,0,1,0,0,0,0,0,0
0.1691039626189481,2,0,3,1.380788468709881,-0.7146276747061729,0,1,0,0,1,0,1,0,0,0,0,0,0
-0.07659739970426017,0,0,0,-0.3689609909363239,0.11332618447549,1,0,0,0,1,0,1,0,0,0,0,0,0
-0.07659739970426017,1,1,1,-0.8369834073782763,-1.490834417688982,0,1,0,1,0,0,1,0,0,0,0,0,0
0.5376560061037605,0,0,3,-0.6956164540836896,-0.14540939651877968,1,0,0,1,0,0,0,0,1,0,0,0,0
-0.6908508055122808,0,3,0,0.8519515893412009,0.889532927458299,0,1,0,1,0,0,1,0,0,0,0,0,0
-1.4893802330627077,0,0,3,-0.8017750341049075,0.06157906827663607,0,1,0,0,1,1,0,0,0,0,0,0,0
0.967633390169375,1,3,3,-1.3569292833950957,-0.8181219071038809,0,1,1,0,0,0,0,0,0,1,0,0,0
1.1519094119117812,2,0,1,-1.1677287320674978,-0.3523978613141954,0,1,0,1,0,0,0,0,0,0,0,0,1
1.1519094119117812,1,2,0,-0.9632356549746995,1.2000156246514226,1,0,0,1,0,0,0,0,0,0,0,1,0
-1.2436788707394995,2,0,1,-1.2397458592175703,0.37206176546975966,1,0,0,1,0,0,0,1,0,0,0,0,0
1.1519094119117812,1,1,0,-0.41377164782970227,1.4587512056456924,0,1,0,1,0,0,1,0,0,0,0,0,0
0.1691039626189481,3,3,0,-0.3204161126351639,0.47555599786746755,0,1,0,1,0,0,0,0,0,0,1,0,0
-1.6736562548051142,2,2,0,-0.23026133864729542,-0.19715651271763363,1,0,0,1,0,0,1,0,0,0,0,0,0
-1.2436788707394995,2,3,2,1.045597642344729,1.1482685084525688,1,0,0,1,0,0,1,0,0,0,0,0,0
-0.752276146093083,2,1,2,0.1924169607001669,0.47555599786746755,0,1,0,1,0,0,1,0,0,0,0,0,0
0.1691039626189481,1,0,0,-0.9024211920479718,-1.59432865008669,1,0,0,1,0,0,0,0,0,0,1,0,0
-1.1208281895778953,1,1,1,-0.43902209734898695,-1.490834417688982,1,0,0,1,0,0,1,0,0,0,0,0,0
-0.9365521678354892,2,0,0,-1.012136173409934,1.0447742760548608,1,0,0,0,1,0,1,0,0,0,0,0,0
0.967633390169375,3,0,0,-1.5479080353930657,-1.490834417688982,0,1,0,1,0,0,0,0,0,1,0,0,0
0.5990813466845626,0,2,1,0.5994470941483542,1.0965213922537147,0,1,0,1,0,0,0,0,0,1,0,0,0
0.29195464378055225,1,1,0,0.376994190284797,-1.3355930690924203,0,1,0,1,0,0,1,0,0,0,0,0,0
-1.6122309142243119,0,1,1,-0.035548365241543964,-1.2838459528935662,0,1,0,0,1,0,0,1,0,0,0,0,0
0.1691039626189481,1,2,2,0.058696270288180495,1.5622454380434003,1,0,0,1,0,0,0,0,0,1,0,0,0
-1.2436788707394995,0,0,0,0.5788199663720371,-1.439087301490128,0,1,0,1,0,0,0,0,0,0,1,0,0
1.2133347524925833,2,2,1,0.4520342585745022,-1.2838459528935662,1,0,0,0,1,0,1,0,0,0,0,0,0
-1.5508055736435098,0,0,1,-0.341043240411481,-1.6978228824843977,1,0,0,1,0,1,0,0,0,0,0,0,0
0.23052930319975018,2,0,0,-0.16108933256981842,-1.2320988366947123,0,1,0,0,1,0,0,0,1,0,0,0,0
-1.2436788707394995,3,4,3,-0.4683624084101276,-0.14540939651877968,1,0,0,1,0,0,1,0,0,0,0,0,0
0.23052930319975018,0,1,3,-0.6833468694581216,-0.0419151641210718,0,1,0,1,0,0,0,0,0,0,1,0,0
-0.4451494431890726,2,4,0,-1.2792219140998324,0.00983195207778213,1,0,0,1,0,0,1,0,0,0,0,0,0
-0.07659739970426017,1,3,1,0.6783992039128781,-1.542581533887836,1,0,0,1,0,0,0,0,0,1,0,0,0
1.3976107742349895,2,1,3,-0.32521725444516875,0.9930271598560069,0,1,0,1,0,0,0,0,0,0,1,0,0
-1.6122309142243119,3,1,0,-0.21265715201061106,0.37206176546975966,1,0,1,0,0,0,1,0,0,0,0,0,0
1.1519094119117812,0,4,1,1.3233525870568603,0.47555599786746755,0,1,0,1,0,0,0,0,0,0,1,0,0
1.5204614553965936,2,1,2,0.14885104427604898,1.0965213922537147,0,1,0,1,0,1,0,0,0,0,0,0,0
-0.752276146093083,1,1,3,-0.760165138418199,1.5622454380434003,0,1,0,0,1,0,0,0,0,1,0,0,0
1.029058730750177,1,1,1,-0.299077704590698,0.7860386950605912,1,0,0,1,0,0,0,0,0,0,0,0,1
1.5818867959773957,2,0,0,-1.5084319805108037,1.4587512056456924,1,0,0,1,0,0,1,0,0,0,0,0,0
0.7219320278461667,0,3,3,-1.6144127404649844,0.7342915788617372,0,1,0,1,0,0,0,0,1,0,0,0,0
-0.26087342144666636,1,1,0,1.11388054808702,1.2000156246514226,1,0,0,1,0,0,1,0,0,0,0,0,0
0.6605066872653647,1,0,0,0.27972661361543993,-1.3873401852912741,1,0,0,0,1,0,0,0,0,0,0,0,1
0.4148053249421564,0,1,0,0.07914557799746033,-0.3006507451153415,1,0,0,1,0,0,0,0,0,0,0,0,1
1.2133347524925833,2,1,0,1.292589715459422,-1.3355930690924203,0,1,0,1,0,0,0,0,1,0,0,0,0
1.1519094119117812,1,1,0,-0.5546051409231774,-0.24890362891648754,0,1,0,1,0,0,0,0,0,0,0,0,1
0.967633390169375,2,4,2,-0.408614865885623,-0.40414497751304934,0,1,0,1,0,0,0,0,0,0,0,1,0
-0.6908508055122808,1,4,3,-1.5335046099630512,-1.6460757662855439,1,0,0,1,0,0,1,0,0,0,0,0,0
-0.9365521678354892,1,1,1,-1.264818488669818,0.16507330067434395,1,0,0,1,0,0,1,0,0,0,0,0,0
1.2133347524925833,2,1,0,1.0811616557521722,-0.14540939651877968,0,1,0,1,0,0,1,0,0,0,0,0,0
-1.3051042113203015,1,0,2,-1.607477757850533,-0.4558920937119033,0,1,0,1,0,0,0,0,0,0,1,0,0
0.23052930319975018,1,0,0,-1.6016096956383048,-1.0768574880981505,0,1,0,1,0,0,0,0,0,0,1,0,0
-0.38372410260827056,3,0,2,-0.8883734067520317,-1.0768574880981505,1,0,1,0,0,0,0,0,0,0,1,0,0
-1.3665295519011036,2,1,0,-1.39498277774106,-0.6111334423084651,0,1,1,0,0,0,0,0,0,0,0,0,1
-1.7350815953859162,1,4,0,1.6880615445501903,0.6307973464640294,0,1,0,0,1,0,0,1,0,0,0,0,0
1.7047374771389998,2,0,0,-0.5334445529457487,0.21682041687319786,0,1,0,1,0,1,0,0,0,0,0,0,0
-0.26087342144666636,1,3,2,-0.8231134421493734,-0.7663747909050269,1,0,1,0,0,0,0,1,0,0,0,0,0
-0.13802274028506226,2,0,0,1.3966144546761934,1.2000156246514226,0,1,0,0,1,0,0,0,0,0,0,0,1
0.3533799843613543,1,0,0,-1.0692164149288803,-0.0419151641210718,1,0,0,1,0,0,0,0,1,0,0,0,0
-1.3051042113203015,2,1,0,0.689068407935111,0.6307973464640294,0,1,0,1,0,0,1,0,0,0,0,0,0
1.0904840713309791,1,4,2,-0.17727095867020506,-1.6460757662855439,1,0,1,0,0,0,0,0,0,0,1,0,0
-0.9979775084162913,2,0,1,1.2207504083763867,0.8377858112594451,0,1,0,1,0,0,1,0,0,0,0,0,0
0.7219320278461667,1,1,3,-1.4463727771148154,1.3552569732479844,1,0,0,1,0,1,0,0,0,0,0,0,0
1.0904840713309791,2,1,3,0.47977418903230784,1.3552569732479844,1,0,0,1,0,0,0,0,0,0,1,0,0
1.6433121365581977,1,0,2,1.5230445223396538,0.889532927458299,0,1,0,1,0,0,0,0,0,0,1,0,0
-1.4893802330627077,3,0,2,-1.0050233707284453,1.0965213922537147,0,1,0,0,1,0,0,0,0,0,1,0,0
0.3533799843613543,1,0,1,-1.0151591145495666,-0.7663747909050269,1,0,0,1,0,0,0,0,0,1,0,0,0
-0.3222987620274685,1,1,1,0.18779363895719928,0.6307973464640294,1,0,0,1,0,0,0,0,0,0,1,0,0
-1.2436788707394995,2,0,1,-0.5643852446102242,-0.0419151641210718,0,1,0,0,1,0,1,0,0,0,0,0,0
1.6433121365581977,1,2,3,0.7360129056329361,1.7174867866399621,0,1,1,0,0,1,0,0,0,0,0,0,0
0.04625328145734397,1,1,1,1.0025651861217229,-1.3355930690924203,0,1,0,0,1,0,0,0,0,0,1,0,0
0.04625328145734397,3,0,0,0.27350291126913734,0.7860386950605912,1,0,0,1,0,0,0,0,0,0,0,0,1
0.1691039626189481,0,2,0,0.9710910342561355,0.21682041687319786,1,0,0,1,0,0,0,0,0,0,1,0,0
-1.5508055736435098,2,0,1,0.3519215608325496,0.5790502302651754,1,0,0,0,1,0,0,0,0,0,1,0,0
0.5990813466845626,0,0,0,0.2939522189784172,0.7860386950605912,1,0,0,1,0,0,0,0,0,1,0,0,0
-0.4451494431890726,0,1,0,-0.4016798832711716,-0.9216161395015887,1,0,0,1,0,0,0,0,1,0,0,0,0
0.9062080495885729,1,2,0,-0.1897183633628102,-1.6460757662855439,1,0,0,1,0,0,0,0,0,0,0,1,0
0.23052930319975018,1,0,0,-1.55146443673381,0.26856753307205183,1,0,1,0,0,0,0,0,1,0,0,0,0
1.5818867959773957,0,1,0,-0.12997082083830563,1.769233902838816,0,1,0,1,0,0,0,0,0,0,0,0,1
0.29195464378055225,1,1,2,0.6965368507506741,1.4070040894468385,0,1,0,0,1,0,1,0,0,0,0,0,0
-0.3222987620274685,2,0,1,1.0788499948806884,-0.9733632557004427,0,1,0,0,1,0,0,0,0,1,0,0,0
0.1691039626189481,0,0,1,-1.1334094591293153,-0.6111334423084651,1,0,0,1,0,0,1,0,0,0,0,0,0
-0.07659739970426017,1,4,0,-0.6495610567210507,0.42380888166861364,1,0,0,1,0,0,0,0,1,0,0,0,0
-0.6908508055122808,1,1,1,1.1903431769130228,-0.3006507451153415,0,1,0,1,0,0,0,0,1,0,0,0,0
-1.1208281895778953,1,3,3,1.6942852468964928,-1.6460757662855439,0,1,0,1,0,0,0,0,0,0,1,0,0
-1.4279548924819057,2,2,2,1.2995246980738735,-1.0251103718992967,1,0,0,1,0,0,0,0,0,0,1,0,0
-0.38372410260827056,1,0,1,-0.22688275737358832,-0.0419151641210718,0,1,0,0,1,0,0,0,1,0,0,0,0
-0.5065747837698746,2,3,0,-0.9835071426169422,0.32031464927090575,0,1,0,0,1,0,1,0,0,0,0,0,0
0.967633390169375,2,4,0,-1.312829906769866,-1.6460757662855439,0,1,0,1,0,0,0,0,0,1,0,0,0
0.10767862203814604,0,4,0,0.7354794454318244,-0.14540939651877968,0,1,1,0,0,0,1,0,0,0,0,0,0
1.5818867959773957,0,4,0,1.2767637294931098,1.6139925542422542,0,1,1,0,0,0,0,0,0,0,1,0,0
-0.4451494431890726,1,0,1,0.6558160553991517,-0.24890362891648754,0,1,0,1,0,0,0,0,0,0,1,0,0
1.4590361148157915,0,4,0,-0.2903645213058744,-1.1803517204958585,1,0,0,1,0,1,0,0,0,0,0,0,0
-1.6736562548051142,1,1,1,1.7300270803709732,0.8377858112594451,0,1,1,0,0,0,1,0,0,0,0,0,0
-0.26087342144666636,2,0,1,-1.5873840902753276,1.2517627408502765,1,0,0,1,0,0,0,0,0,1,0,0,0
1.3976107742349895,1,0,3,-1.3610191449369518,1.769233902838816,0,1,0,0,1,0,0,0,0,0,1,0,0
-0.07659739970426017,0,0,3,0.4209157468429894,1.6139925542422542,0,1,0,1,0,0,0,0,0,1,0,0,0
0.9062080495885729,1,2,0,1.089874839036996,1.2517627408502765,1,0,0,1,0,0,0,0,0,0,0,1,0
0.4148053249421564,2,2,1,0.6794661243151013,-1.6460757662855439,1,0,0,0,1,1,0,0,0,0,0,0,0
-0.26087342144666636,2,0,1,0.4024224598711189,0.6825444626628833,1,0,0,1,0,1,0,0,0,0,0,0,0
0.4148053249421564,0,2,1,-1.0453885259458933,-1.59432865008669,0,1,0,0,1,0,1,0,0,0,0,0,0
-1.2436788707394995,1,0,1,-0.21212369180949942,-0.14540939651877968,0,1,0,0,1,0,1,0,0,0,0,0,0
-0.8751268272546872,1,3,0,1.6240463204167925,0.42380888166861364,1,0,0,0,1,0,0,0,1,0,0,0,0
1.3976107742349895,1,0,3,-0.5553164211913262,1.665739670441108,0,1,1,0,0,0,1,0,0,0,0,0,0
-0.13802274028506226,2,1,2,-1.1179391132970775,1.4070040894468385,0,1,0,1,0,0,1,0,0,0,0,0,0
0.5990813466845626,1,0,0,0.9220126957538639,1.5104983218445462,0,1,0,1,0,0,1,0,0,0,0,0,0
1.1519094119117812,1,1,0,1.5077519965744532,1.2000156246514226,1,0,0,1,0,0,0,0,0,0,1,0,0
1.7047374771389998,2,1,1,1.3688745242183875,0.7342915788617372,1,0,0,1,0,1,0,0,0,0,0,0,0
-1.4893802330627077,1,3,1,-0.7155323015918578,-1.1803517204958585,0,1,0,0,1,0,1,0,0,0,0,0,0
-0.19944808086586432,1,0,0,-0.7633658996248689,1.665739670441108,1,0,0,1,0,0,1,0,0,0,0,0,0
1.3361854336541874,0,0,0,-1.2548605649157338,-0.5076392099107573,0,1,0,1,0,0,1,0,0,0,0,0,0
0.3533799843613543,1,1,0,-0.42906417359490284,0.9930271598560069,0,1,0,0,1,0,0,0,1,0,0,0,0
0.4148053249421564,1,1,1,0.42198266724521266,0.26856753307205183,0,1,0,1,0,0,1,0,0,0,0,0,0
1.2747600930733853,0,0,0,-1.0142700142143806,0.6307973464640294,0,1,0,0,1,0,1,0,0,0,0,0,0
1.029058730750177,0,2,0,-1.5429290735160235,-1.439087301490128,0,1,0,1,0,0,1,0,0,0,0,0,0
0.7833573684269688,1,3,2,-0.949543509812834,-0.14540939651877968,1,0,0,1,0,0,1,0,0,0,0,0,0
1.7047374771389998,3,0,0,-1.4557972406677877,-0.0419151641210718,0,1,0,0,1,0,1,0,0,0,0,0,0
-0.07659739970426017,2,4,0,1.2858325529120078,-0.0419151641210718,1,0,0,1,0,0,1,0,0,0,0,0,0
-0.5680001243506767,2,0,1,-0.9106009151316836,1.5104983218445462,1,0,0,1,0,0,0,0,0,0,1,0,0
-1.5508055736435098,2,0,1,-1.189067140111964,0.26856753307205183,0,1,0,1,0,0,1,0,0,0,0,0,0
1.2747600930733853,1,0,0,-0.005496773912254466,-0.4558920937119033,0,1,0,0,1,1,0,0,0,0,0,0,0
1.5204614553965936,1,0,0,-1.341636757629895,0.16507330067434395,0,1,0,1,0,1,0,0,0,0,0,0,0
0.5990813466845626,3,1,1,-0.3268176350485037,-1.6460757662855439,0,1,0,1,0,0,0,0,1,0,0,0,0
-1.1208281895778953,0,1,0,1.6190673585397504,0.37206176546975966,0,1,0,1,0,1,0,0,0,0,0,0,0
-1.4279548924819057,2,0,2,0.12306713455565267,-1.2838459528935662,1,0,0,1,0,0,0,0,1,0,0,0,0
-1.4279548924819057,2,0,2,-1.1824877976315868,-1.490834417688982,0,1,0,1,0,0,0,1,0,0,0,0,0
-1.4893802330627077,0,1,1,0.9248578168264594,1.7174867866399621,1,0,1,0,0,0,0,0,0,0,0,0,1
0.23052930319975018,1,0,1,-0.9813733018124956,0.5273031140663215,0,1,0,1,0,0,1,0,0,0,0,0,0
0.5990813466845626,2,2,0,1.6857498836787064,0.5790502302651754,0,1,0,0,1,0,1,0,0,0,0,0,0
0.8447827090077709,1,1,0,0.3787723909551692,1.4070040894468385,0,1,0,0,1,0,0,0,0,0,1,0,0
1.1519094119117812,0,0,1,1.543849470183008,-1.2838459528935662,0,1,0,1,0,0,0,0,0,0,0,1,0
-0.5065747837698746,1,1,0,-0.6141748633806446,-1.1286046042970044,1,0,0,1,0,0,1,0,0,0,0,0,0
-0.07659739970426017,1,1,2,0.20166360418610213,1.665739670441108,1,0,0,1,0,0,0,0,0,0,1,0,0
1.4590361148157915,1,4,0,-1.3681319476184404,0.37206176546975966,1,0,1,0,0,0,1,0,0,0,0,0,0
1.3976107742349895,0,0,1,1.1421539387459372,-0.09366228031992574,1,0,0,0,1,1,0,0,0,0,0,0,0
-0.8137014866738851,1,1,1,0.10261782684637283,0.941280043657153,0,1,0,1,0,0,0,0,0,0,1,0,0
0.3533799843613543,1,0,0,1.2397771555493688,-1.1286046042970044,0,1,0,1,0,0,1,0,0,0,0,0,0
1.3361854336541874,0,4,0,-0.1808273600109494,1.0965213922537147,0,1,0,1,0,0,0,0,0,0,0,0,1
-1.3665295519011036,2,0,1,0.271546890531728,-0.0419151641210718,1,0,0,0,1,0,1,0,0,0,0,0,0
-0.19944808086586432,0,0,0,0.572951904159809,-0.14540939651877968,0,1,0,1,0,0,0,0,1,0,0,0,0
1.3361854336541874,0,4,1,-0.6888592915362753,-0.6628805585073191,1,0,0,0,1,0,1,0,0,0,0,0,0
-1.1822535301586974,1,0,1,-0.937273925187266,-0.14540939651877968,1,0,0,0,1,0,0,1,0,0,0,0,0
0.7833573684269688,0,0,1,-0.721578183871123,0.5790502302651754,1,0,0,0,1,0,0,0,0,1,0,0,0
-0.3222987620274685,3,2,0,-0.3705613715396588,1.665739670441108,0,1,0,1,0,0,1,0,0,0,0,0,0
-0.07659739970426017,2,1,1,-0.751096314999301,-0.0419151641210718,0,1,0,1,0,0,0,0,1,0,0,0,0
-0.9365521678354892,3,1,0,-1.548085855460103,-0.8698690233027347,1,0,0,1,0,0,1,0,0,0,0,0,0
1.3976107742349895,1,4,1,1.3854117904528487,0.9930271598560069,0,1,0,0,1,0,0,0,1,0,0,0,0
-1.7350815953859162,0,0,2,1.42684386607252,1.5622454380434003,0,1,0,1,0,0,0,0,0,0,1,0,0
-1.1208281895778953,2,0,2,-0.6392474928328921,0.9930271598560069,1,0,0,1,0,0,1,0,0,0,0,0,0
-0.015172059123458105,2,0,1,0.5999805543494658,-0.3006507451153415,0,1,0,0,1,0,0,0,0,0,0,0,1
-1.6122309142243119,1,1,3,-1.5598219798845592,1.5104983218445462,0,1,0,0,1,0,0,0,0,1,0,0,0
0.29195464378055225,2,4,0,-1.404051601159958,-0.09366228031992574,1,0,0,0,1,0,0,1,0,0,0,0,0
-0.3222987620274685,0,0,3,-1.0453885259458933,-0.6628805585073191,0,1,0,1,0,0,0,1,0,0,0,0,0
0.04625328145734397,0,3,1,0.5900226305953817,-0.5593863261096111,0,1,0,0,1,0,1,0,0,0,0,0,0
-0.6294254649314788,3,1,1,0.7758446006492724,-0.24890362891648754,0,1,0,0,1,1,0,0,0,0,0,0,0
-0.26087342144666636,1,2,1,0.0009047485010853082,-0.9733632557004427,0,1,0,0,1,0,0,0,0,0,1,0,0
0.967633390169375,2,0,0,-1.0423655848062607,0.47555599786746755,0,1,0,1,0,1,0,0,0,0,0,0,0
-0.9365521678354892,2,0,2,0.2671013888557976,-0.7663747909050269,1,0,0,1,0,0,0,0,0,0,1,0,0
1.5204614553965936,0,0,0,1.5648165899228427e-05,1.3552569732479844,1,0,0,0,1,0,1,0,0,0,0,0,0
0.8447827090077709,2,2,3,-1.0222719172310553,0.26856753307205183,0,1,0,1,0,0,1,0,0,0,0,0,0
-1.3051042113203015,1,0,2,-0.0794699217997363,0.7342915788617372,0,1,0,1,0,0,0,0,0,1,0,0,0
1.5818867959773957,1,4,3,0.7545061926048066,0.8377858112594451,1,0,0,0,1,0,0,0,0,0,1,0,0
0.10767862203814604,2,1,0,-1.0439659654095956,-1.6978228824843977,1,0,0,0,1,0,0,1,0,0,0,0,0
0.6605066872653647,2,3,0,-1.3603078646688027,-1.2320988366947123,0,1,0,1,0,0,0,1,0,0,0,0,0
1.4590361148157915,2,0,0,-1.0731284564036991,-0.19715651271763363,0,1,0,0,1,0,0,0,0,1,0,0,0
-1.1822535301586974,1,0,0,1.454050336329214,1.0447742760548608,1,0,0,1,0,0,0,0,0,0,1,0,0
1.3361854336541874,0,0,0,1.3903907523298908,-0.14540939651877968,0,1,0,0,1,0,1,0,0,0,0,0,0
0.3533799843613543,1,1,1,0.6623953978795286,1.2517627408502765,1,0,1,0,0,0,0,1,0,0,0,0,0
1.029058730750177,0,2,0,-0.10934369306198859,1.4070040894468385,0,1,0,1,0,0,0,0,0,0,1,0,0
-1.6122309142243119,2,0,0,-0.23950798213323066,-0.5076392099107573,1,0,0,1,0,0,0,0,0,1,0,0,0
0.5376560061037605,0,0,1,-1.4068967222325535,1.769233902838816,0,1,0,1,0,0,0,1,0,0,0,0,0
-0.9365521678354892,2,1,0,0.5112483408978951,-0.14540939651877968,0,1,0,1,0,0,0,0,1,0,0,0,0
-0.752276146093083,2,0,0,-1.3567514633280584,-1.439087301490128,1,0,0,0,1,1,0,0,0,0,0,0,0
1.4590361148157915,0,3,2,-0.40452500434376704,-1.3355930690924203,0,1,0,1,0,0,0,0,0,0,0,0,1
0.23052930319975018,2,1,0,0.09603848436599584,1.7174867866399621,0,1,0,0,1,0,0,0,0,1,0,0,0
-1.6736562548051142,3,0,0,-1.031162920582916,-1.0251103718992967,1,0,1,0,0,1,0,0,0,0,0,0,0
-0.38372410260827056,0,0,0,0.8357699632408142,-0.4558920937119033,0,1,0,1,0,0,0,1,0,0,0,0,0
1.2133347524925833,1,0,0,0.8469726274641588,-1.2320988366947123,0,1,0,1,0,0,0,0,0,0,1,0,0
1.4590361148157915,1,0,2,1.6501858702712633,-0.8181219071038809,0,1,0,1,0,0,0,0,1,0,0,0,0
-0.015172059123458105,0,0,0,-0.7749242039822879,1.6139925542422542,0,1,0,0,1,0,0,0,1,0,0,0,0
-1.3051042113203015,1,0,2,1.0976989219866333,0.06157906827663607,1,0,0,1,0,0,0,0,0,1,0,0,0
1.6433121365581977,0,0,1,1.268761826476435,-1.439087301490128,0,1,0,1,0,0,0,1,0,0,0,0,0
-0.752276146093083,2,0,3,0.2950191393806405,-1.2320988366947123,0,1,1,0,0,0,0,0,0,0,1,0,0
-0.19944808086586432,0,1,0,1.6862833438798182,0.32031464927090575,1,0,0,1,0,0,0,0,0,0,0,1,0
0.6605066872653647,2,1,0,0.6275426647402343,-1.6460757662855439,0,1,0,1,0,0,0,0,0,0,0,1,0
-1.0594028489970932,0,3,0,-0.985818803488426,-0.8181219071038809,0,1,0,1,0,0,0,0,0,1,0,0,0
-0.9365521678354892,1,0,2,0.07416661612041828,0.8377858112594451,1,0,0,1,0,0,0,0,0,0,1,0,0
1.4590361148157915,0,3,1,-1.1634610504586047,-0.24890362891648754,0,1,0,0,1,0,0,0,0,0,0,0,1
-1.4893802330627077,2,3,1,1.5137978788537185,0.42380888166861364,1,0,0,0,1,0,1,0,0,0,0,0,0
-0.19944808086586432,1,0,0,-1.5735141250464246,-1.1286046042970044,1,0,0,0,1,0,1,0,0,0,0,0,0
-1.0594028489970932,1,0,2,-0.44880220103603385,0.941280043657153,1,0,0,1,0,0,0,1,0,0,0,0,0
0.23052930319975018,0,1,1,0.4378086532115249,1.5622454380434003,0,1,1,0,0,0,1,0,0,0,0,0,0
0.967633390169375,1,0,0,-1.5752923257167968,-1.2838459528935662,0,1,0,0,1,0,0,0,0,0,1,0,0
0.10767862203814604,2,3,0,0.44990041777005557,0.889532927458299,1,0,0,0,1,0,0,0,1,0,0,0,0
-0.6294254649314788,1,0,0,-0.9955989071754728,-1.3355930690924203,0,1,0,1,0,0,0,0,0,0,1,0,0
-1.6122309142243119,2,0,2,-0.7466508133233706,0.941280043657153,0,1,0,1,0,0,0,0,1,0,0,0,0
-1.7350815953859162,1,1,0,-1.3178088686469083,0.37206176546975966,1,0,1,0,0,0,0,0,0,0,0,0,1
1.3361854336541874,2,1,1,-0.737937630038547,0.42380888166861364,0,1,0,0,1,0,1,0,0,0,0,0,0
0.6605066872653647,3,0,1,-1.5464854748567678,-0.5076392099107573,0,1,1,0,0,0,0,0,0,1,0,0,0
-0.8137014866738851,1,2,0,1.5884823070093492,0.7342915788617372,1,0,0,1,0,0,0,1,0,0,0,0,0
0.47623066552295845,1,0,3,0.1947286215716507,0.6825444626628833,0,1,0,1,0,0,1,0,0,0,0,0,0
0.3533799843613543,2,1,0,-0.561006663336517,-1.490834417688982,0,1,0,1,0,0,1,0,0,0,0,0,0
-0.9365521678354892,0,0,0,0.595179412539461,0.26856753307205183,0,1,0,0,1,0,1,0,0,0,0,0,0
-1.4893802330627077,1,0,1,-0.12534749909533802,-1.3355930690924203,0,1,0,1,0,0,0,0,0,1,0,0,0
-1.7350815953859162,2,1,1,1.2913449749901615,-0.8181219071038809,0,1,0,0,1,0,0,0,0,0,1,0,0
-0.9979775084162913,1,1,0,1.670635177980543,-0.7146276747061729,0,1,0,1,0,0,1,0,0,0,0,0,0
-0.4451494431890726,1,1,3,0.3442752979499493,-0.40414497751304934,1,0,0,1,0,0,0,0,0,1,0,0,0
1.3976107742349895,1,0,1,1.5854593658697167,-0.9216161395015887,1,0,0,1,0,1,0,0,0,0,0,0,0
-0.6294254649314788,1,0,1,1.6830825826731481,1.2517627408502765,1,0,0,1,0,0,0,0,0,0,0,1,0
0.3533799843613543,1,0,0,-1.5167895236615527,-0.5593863261096111,0,1,0,0,1,0,0,0,0,0,1,0,0
-0.752276146093083,2,2,0,-1.5541317377393682,-0.8698690233027347,0,1,0,0,1,0,1,0,0,0,0,0,0
0.6605066872653647,0,0,0,1.2307083321304708,-0.5076392099107573,0,1,0,0,1,0,0,0,0,0,1,0,0
-0.3222987620274685,1,0,2,-0.08693836461529937,-0.7146276747061729,1,0,0,1,0,0,1,0,0,0,0,0,0
1.2133347524925833,2,1,2,1.5324689858926264,1.5622454380434003,1,0,0,1,0,1,0,0,0,0,0,0,0
1.2747600930733853,1,4,0,1.7687918549850863,-0.8698690233027347,1,0,0,1,0,0,1,0,0,0,0,0,0
-0.9979775084162913,1,0,0,1.2074139033485956,0.47555599786746755,1,0,1,0,0,0,0,0,0,1,0,0,0
0.967633390169375,0,3,1,0.438697753546711,-0.5593863261096111,1,0,0,1,0,0,0,1,0,0,0,0,0
-0.07659739970426017,0,0,1,1.753677149286923,-1.0251103718992967,1,0,0,1,0,0,1,0,0,0,0,0,0
0.7833573684269688,2,2,0,-1.0085797720691896,0.6307973464640294,1,0,0,1,0,0,0,0,0,0,1,0,0
0.7833573684269688,3,1,0,0.3800171314244297,-0.9216161395015887,0,1,1,0,0,1,0,0,0,0,0,0,0
0.4148053249421564,2,1,0,-1.2095164478212437,-1.1803517204958585,1,0,0,1,0,0,0,0,0,0,0,0,1
0.23052930319975018,1,0,3,1.3573162198609685,-0.40414497751304934,0,1,0,1,0,0,0,1,0,0,0,0,0
0.04625328145734397,0,1,1,0.9077870903908867,1.1482685084525688,0,1,0,1,0,0,0,0,1,0,0,0,0
-0.19944808086586432,1,3,0,1.2454673976945598,0.26856753307205183,1,0,0,1,0,1,0,0,0,0,0,0,0
0.5376560061037605,3,1,0,0.8980069867038398,-1.3355930690924203,0,1,0,1,0,0,0,0,0,1,0,0,0
1.2133347524925833,2,1,0,0.6654183390191614,-0.5593863261096111,0,1,0,1,0,0,0,0,0,0,1,0,0
-0.19944808086586432,2,0,0,-0.018655458873008447,-0.14540939651877968,0,1,0,1,0,0,1,0,0,0,0,0,0
0.7219320278461667,0,1,0,-0.876281642193501,0.26856753307205183,0,1,0,0,1,0,0,0,1,0,0,0,0
0.5990813466845626,2,1,0,-0.9193140984165072,-0.9216161395015887,1,0,0,1,0,0,0,1,0,0,0,0,0
-1.5508055736435098,2,1,0,-0.2220816155635835,-0.6628805585073191,1,0,0,1,0,0,1,0,0,0,0,0,0
0.5990813466845626,0,1,1,-0.800530293635647,0.42380888166861364,1,0,0,1,0,0,1,0,0,0,0,0,0
-0.5065747837698746,1,0,0,1.3142837636379623,1.3035098570491306,0,1,0,0,1,1,0,0,0,0,0,0,0
-0.19944808086586432,0,0,1,0.7189421791973634,-1.2320988366947123,0,1,0,0,1,1,0,0,0,0,0,0,0
1.3361854336541874,3,1,3,1.6316925832993927,0.941280043657153,0,1,0,1,0,0,1,0,0,0,0,0,0
-1.4279548924819057,2,1,0,0.3318278932573442,0.42380888166861364,1,0,0,1,0,0,1,0,0,0,0,0,0
0.5376560061037605,2,1,1,1.7358951425832014,1.6139925542422542,1,0,0,1,0,0,0,0,0,0,1,0,0
1.2747600930733853,1,2,0,0.9493969860775952,-1.59432865008669,0,1,0,0,1,0,0,0,0,1,0,0,0
0.10767862203814604,1,0,0,-0.19291912456948007,1.4587512056456924,1,0,1,0,0,0,0,0,0,0,1,0,0
0.47623066552295845,1,1,0,1.2700065669456955,-1.1803517204958585,1,0,0,1,0,1,0,0,0,0,0,0,0
0.9062080495885729,2,0,0,-0.6933047932122057,1.3552569732479844,0,1,0,1,0,0,0,0,1,0,0,0,0
-0.8751268272546872,2,1,2,1.5918608882830565,0.9930271598560069,0,1,0,0,1,0,0,0,0,1,0,0,0
1.2133347524925833,2,3,0,-1.693187030162471,0.21682041687319786,1,0,0,1,0,0,0,0,1,0,0,0,0
1.6433121365581977,2,0,0,-0.348511683227044,1.769233902838816,1,0,0,1,0,0,1,0,0,0,0,0,0
0.04625328145734397,0,3,1,0.18743799882312484,-0.40414497751304934,1,0,0,1,0,0,1,0,0,0,0,0,0
-0.13802274028506226,1,3,0,1.2239511695830567,0.21682041687319786,0,1,0,1,0,0,0,0,0,0,0,1,0
-0.5680001243506767,3,0,0,0.3709483080055317,0.00983195207778213,1,0,0,1,0,0,0,0,0,0,1,0,0
-0.13802274028506226,3,4,0,0.18992747976164587,1.3552569732479844,0,1,0,1,0,0,1,0,0,0,0,0,0
-1.0594028489970932,2,3,0,-1.6234815638838824,1.2517627408502765,0,1,0,1,0,0,1,0,0,0,0,0,0
-0.015172059123458105,2,1,2,1.623690680282718,-1.6460757662855439,0,1,0,0,1,1,0,0,0,0,0,0,0
0.10767862203814604,0,0,0,-1.630594366565371,0.16507330067434395,0,1,0,0,1,0,0,1,0,0,0,0,0
-1.0594028489970932,1,0,3,0.34054107654216775,-1.3355930690924203,1,0,0,0,1,0,0,0,0,0,1,0,0
-1.5508055736435098,2,0,1,0.5270743268642073,0.9930271598560069,1,0,0,1,0,0,0,0,1,0,0,0,0
-0.8137014866738851,2,2,3,-1.2216082123797745,-0.14540939651877968,0,1,0,1,0,0,1,0,0,0,0,0,0
0.10767862203814604,0,0,3,-1.0009335091865894,-0.14540939651877968,0,1,0,1,0,1,0,0,0,0,0,0,0
-0.38372410260827056,0,0,0,1.4668533811558937,0.941280043657153,1,0,1,0,0,1,0,0,0,0,0,0,0
0.1691039626189481,2,3,1,0.34249709727957717,-1.6978228824843977,1,0,0,0,1,0,1,0,0,0,0,0,0
-0.19944808086586432,1,0,1,-1.132342538727092,0.6307973464640294,1,0,0,0,1,0,0,0,0,0,1,0,0
-0.5065747837698746,0,1,0,-0.28538555942883237,0.26856753307205183,1,0,0,1,0,0,0,1,0,0,0,0,0
0.8447827090077709,2,1,0,1.3702970847546854,-1.1803517204958585,0,1,0,1,0,0,0,1,0,0,0,0,0
-1.3665295519011036,0,0,1,1.5225110621385423,-1.490834417688982,0,1,0,1,0,0,1,0,0,0,0,0,0
0.4148053249421564,0,0,0,1.5118418581163093,0.32031464927090575,1,0,0,1,0,0,0,0,0,0,1,0,0
0.04625328145734397,1,1,3,-1.5151891430582178,-0.3523978613141954,1,0,0,1,0,0,1,0,0,0,0,0,0
-1.1208281895778953,3,0,2,-0.5231309890575901,0.47555599786746755,0,1,0,1,0,0,0,0,0,0,1,0,0
-1.2436788707394995,2,1,0,1.207058263214521,-1.2838459528935662,0,1,0,1,0,0,0,0,1,0,0,0,0
1.5204614553965936,1,0,0,-0.9250043405616981,0.889532927458299,1,0,0,0,1,0,0,0,0,0,1,0,0
-0.4451494431890726,0,1,1,-1.6101450588560913,0.21682041687319786,0,1,1,0,0,0,1,0,0,0,0,0,0
1.5818867959773957,0,1,3,-0.7427387718485517,0.6307973464640294,1,0,0,0,1,1,0,0,0,0,0,0,0
-0.5065747837698746,2,1,2,0.22424675269982855,-0.6628805585073191,1,0,0,1,0,0,0,0,0,0,1,0,0
-1.4279548924819057,2,0,1,-1.1115375908837377,-0.09366228031992574,0,1,0,1,0,0,1,0,0,0,0,0,0
1.4590361148157915,3,2,0,-0.1863397820891031,0.6307973464640294,1,0,0,1,0,0,0,0,0,0,1,0,0
-0.3222987620274685,1,0,0,-1.5976976541634862,-1.2320988366947123,1,0,1,0,0,0,0,1,0,0,0,0,0
-0.8751268272546872,2,0,3,0.29128491797285894,-0.9216161395015887,0,1,0,1,0,0,1,0,0,0,0,0,0
-0.8137014866738851,0,0,0,0.1548969265553143,1.3035098570491306,1,0,0,1,0,1,0,0,0,0,0,0,0
-0.4451494431890726,0,0,1,-1.2573500458542548,1.2517627408502765,1,0,1,0,0,1,0,0,0,0,0,0,0
0.29195464378055225,1,3,0,-0.48169891343791876,1.4070040894468385,0,1,0,1,0,0,1,0,0,0,0,0,0
-1.1822535301586974,3,3,1,0.0899926020867305,0.11332618447549,0,1,0,0,1,0,0,1,0,0,0,0,0
1.4590361148157915,2,1,0,1.542071269512636,-0.8698690233027347,0,1,0,1,0,0,1,0,0,0,0,0,0
0.04625328145734397,0,1,1,-0.924115240226512,1.3552569732479844,0,1,0,1,0,0,0,0,0,0,1,0,0
-0.07659739970426017,1,0,0,0.8322135619000699,-0.24890362891648754,1,0,0,1,0,0,0,0,1,0,0,0,0
1.4590361148157915,1,4,0,-0.987419184091761,0.11332618447549,0,1,1,0,0,0,1,0,0,0,0,0,0
-0.19944808086586432,3,1,1,-1.368665407819552,-0.4558920937119033,1,0,0,1,0,0,0,0,0,0,0,1,0
-0.3222987620274685,3,1,0,0.5553477175231246,0.06157906827663607,1,0,0,0,1,0,0,0,1,0,0,0,0
-0.6908508055122808,3,4,0,0.7461486494540573,-1.1286046042970044,1,0,0,1,0,0,1,0,0,0,0,0,0
-0.015172059123458105,2,0,2,0.15952024829828193,-1.2838459528935662,0,1,0,0,1,0,1,0,0,0,0,0,0
-1.6736562548051142,0,4,1,0.23616069719132202,1.2517627408502765,0,1,0,1,0,0,0,0,0,0,1,0,0
-1.6736562548051142,2,1,0,-1.5395504922423164,-0.5593863261096111,0,1,0,1,0,0,0,0,1,0,0,0,0
-0.19944808086586432,0,3,0,-0.9145129566065024,0.941280043657153,1,0,0,0,1,1,0,0,0,0,0,0,0
-1.3051042113203015,1,1,0,-0.07769172112936414,-0.8181219071038809,1,0,0,0,1,0,0,0,0,1,0,0,0
-0.8751268272546872,0,0,2,0.19010529982868307,-0.9216161395015887,0,1,0,1,0,1,0,0,0,0,0,0,0
-1.3051042113203015,0,0,1,1.6635223752990544,0.11332618447549,0,1,0,1,0,0,0,0,0,0,1,0,0
-0.13802274028506226,0,1,0,1.2187943876389773,-0.9733632557004427,0,1,0,0,1,0,0,0,1,0,0,0,0
-0.015172059123458105,2,0,2,-1.024405758035502,1.3035098570491306,1,0,0,1,0,0,1,0,0,0,0,0,0
-0.9365521678354892,2,2,1,-1.2502372431727662,0.32031464927090575,0,1,0,1,0,0,1,0,0,0,0,0,0
0.04625328145734397,1,0,0,-1.6674031204420747,-0.7146276747061729,1,0,0,1,0,0,0,0,0,0,0,1,0
-0.38372410260827056,2,1,2,-0.03625964550969282,-0.3006507451153415,0,1,0,0,1,0,0,0,0,0,1,0,0
0.04625328145734397,1,0,3,1.701931509779093,0.5273031140663215,1,0,1,0,0,0,0,0,0,1,0,0,0
1.1519094119117812,2,0,0,-0.13246030177682666,1.7174867866399621,0,1,0,1,0,0,0,0,0,0,1,0,0
-1.4893802330627077,0,0,0,0.7817126628615005,1.0965213922537147,1,0,0,1,0,1,0,0,0,0,0,0,0
1.3361854336541874,2,1,2,-0.10240871044753716,0.6825444626628833,1,0,0,1,0,0,0,0,0,1,0,0,0
0.47623066552295845,1,0,3,0.6878236674658506,0.21682041687319786,0,1,0,1,0,0,0,0,0,0,1,0,0
0.3533799843613543,1,3,0,-1.2609064471949991,0.11332618447549,0,1,0,1,0,0,1,0,0,0,0,0,0
0.7219320278461667,1,0,3,0.9200566750164546,0.11332618447549,1,0,0,1,0,0,0,0,0,0,0,1,0
-0.5065747837698746,3,1,1,0.6056707964946567,-0.6111334423084651,0,1,0,0,1,0,1,0,0,0,0,0,0
0.7219320278461667,1,1,1,1.407105838631389,-0.5593863261096111,0,1,0,0,1,0,0,0,1,0,0,0,0
1.0904840713309791,1,0,3,0.9115213117986682,-0.14540939651877968,0,1,0,1,0,0,0,0,0,0,1,0,0
-0.9979775084162913,1,3,0,-1.5800934675268017,-1.439087301490128,0,1,0,0,1,0,0,0,0,0,1,0,0
-0.4451494431890726,1,0,1,1.2444004772923365,1.5622454380434003,1,0,0,1,0,0,0,0,0,1,0,0,0
-0.07659739970426017,3,1,0,-0.4694293288123509,-1.0251103718992967,0,1,0,1,0,1,0,0,0,0,0,0,0
1.2133347524925833,1,1,0,0.8005615899674454,-0.8698690233027347,1,0,0,1,0,0,0,0,0,1,0,0,0
-0.8751268272546872,2,2,0,-0.8579661752886677,-0.19715651271763363,1,0,0,0,1,0,1,0,0,0,0,0,0
1.5818867959773957,1,3,3,-0.532911092744637,1.7174867866399621,1,0,0,1,0,0,0,0,0,0,1,0,0
1.2747600930733853,2,0,0,0.8761351184582622,-0.40414497751304934,0,1,0,1,0,0,0,0,1,0,0,0,0
0.7219320278461667,1,1,0,0.6577720761365611,0.16507330067434395,0,1,0,1,0,0,0,0,0,1,0,0,0
0.23052930319975018,2,1,0,0.8254563993526557,-0.8698690233027347,0,1,0,0,1,0,1,0,0,0,0,0,0
-0.38372410260827056,2,2,3,-0.07769172112936414,0.7342915788617372,0,1,0,1,0,0,0,0,0,0,1,0,0
-1.0594028489970932,2,0,3,-0.019900199342268957,-1.3355930690924203,1,0,0,1,0,0,0,0,1,0,0,0,0
1.3361854336541874,2,0,2,-0.93638482485208,-0.24890362891648754,0,1,1,0,0,0,0,0,0,0,0,0,1
-0.9365521678354892,2,1,0,0.9605996503009397,-0.5076392099107573,0,1,0,0,1,0,0,0,0,0,0,1,0
0.5376560061037605,2,1,1,0.6367893082261695,1.4070040894468385,1,0,0,1,0,1,0,0,0,0,0,0,0
-0.8137014866738851,2,2,0,-0.9031324723161206,1.3552569732479844,0,1,0,0,1,0,0,0,0,0,1,0,0
1.3361854336541874,1,3,0,0.03077851976333759,-0.40414497751304934,1,0,0,0,1,0,0,0,0,0,1,0,0
-1.5508055736435098,2,3,0,1.1885649762426507,0.32031464927090575,1,0,0,1,0,0,0,0,1,0,0,0,0
-0.9979775084162913,3,3,1,1.6190673585397504,0.06157906827663607,1,0,0,1,0,0,0,0,1,0,0,0,0
1.4590361148157915,2,1,0,1.094142520645889,-1.1803517204958585,1,0,0,1,0,0,0,0,0,0,0,0,1
-0.38372410260827056,1,0,3,-0.5892800539954345,-1.1286046042970044,0,1,0,0,1,0,0,0,0,0,1,0,0
0.3533799843613543,1,0,0,-0.1776265988042795,0.16507330067434395,1,0,0,1,0,0,1,0,0,0,0,0,0
0.8447827090077709,0,3,0,-1.702078033514332,1.665739670441108,1,0,0,0,1,0,1,0,0,0,0,0,0
0.5990813466845626,1,0,0,1.0260374349706354,-0.24890362891648754,1,0,0,0,1,0,1,0,0,0,0,0,0
1.5204614553965936,2,1,0,0.95739888909427,-0.6111334423084651,1,0,0,1,0,0,0,0,0,1,0,0,0
1.1519094119117812,1,1,0,0.13587017938233223,-0.3006507451153415,1,0,0,1,0,0,0,0,0,1,0,0,0
-0.5680001243506767,1,0,1,1.7177574957454054,0.32031464927090575,0,1,0,1,0,0,0,0,0,1,0,0,0
-0.3222987620274685,2,4,3,0.7465042895881318,-1.542581533887836,1,0,0,1,0,0,1,0,0,0,0,0,0
1.5818867959773957,2,0,0,-1.4527742995281552,0.6825444626628833,0,1,0,1,0,0,0,0,0,0,1,0,0
-0.26087342144666636,3,0,0,-1.2539714645805478,-0.7146276747061729,0,1,0,1,0,0,1,0,0,0,0,0,0
1.0904840713309791,0,2,3,0.17196765299088707,-0.7146276747061729,1,0,1,0,0,0,0,0,1,0,0,0,0
-1.0594028489970932,0,0,0,1.624579780617904,-0.6628805585073191,0,1,0,0,1,0,0,0,1,0,0,0,0
-0.26087342144666636,1,1,1,-1.2717534712842693,-1.0251103718992967,0,1,0,1,0,0,0,0,0,0,0,0,1
-0.015172059123458105,1,1,3,0.33271699359253026,-1.542581533887836,0,1,1,0,0,0,0,0,0,1,0,0,0
0.3533799843613543,2,3,0,-0.19220784430133123,-1.3873401852912741,1,0,1,0,0,0,0,0,0,1,0,0,0
-1.5508055736435098,1,1,1,-0.22706057744062555,0.06157906827663607,0,1,0,0,1,0,1,0,0,0,0,0,0
0.47623066552295845,2,3,0,0.7040052935662372,-1.0251103718992967,1,0,0,1,0,1,0,0,0,0,0,0,0
-1.6736562548051142,2,4,1,0.6844450861921434,-0.24890362891648754,1,0,0,1,0,0,0,0,0,0,1,0,0
1.5818867959773957,1,0,0,-0.6360467316262223,-0.5593863261096111,0,1,1,0,0,0,0,0,0,0,1,0,0
-0.26087342144666636,0,1,2,0.5813094473105582,1.5104983218445462,1,0,0,0,1,1,0,0,0,0,0,0,0
-1.4893802330627077,2,0,0,0.2459408008783689,1.0447742760548608,0,1,1,0,0,0,0,0,0,1,0,0,0
-1.6736562548051142,0,1,1,0.3174244678273297,-0.19715651271763363,1,0,0,1,0,0,1,0,0,0,0,0,0
0.1691039626189481,1,3,1,-1.4735792473715095,1.2000156246514226,1,0,0,0,1,0,0,0,0,1,0,0,0
-0.752276146093083,1,0,0,0.6501258132539608,-1.2320988366947123,0,1,1,0,0,0,0,0,0,0,0,1,0
0.7833573684269688,1,0,2,1.0441750818084312,1.2517627408502765,1,0,0,1,0,1,0,0,0,0,0,0,0
0.7219320278461667,1,4,0,1.174872831080785,-0.3523978613141954,0,1,0,0,1,1,0,0,0,0,0,0,0
1.4590361148157915,1,0,0,0.8916054642905,1.0447742760548608,0,1,0,1,0,0,1,0,0,0,0,0,0
-0.5680001243506767,2,1,2,1.2639606846664302,-0.19715651271763363,0,1,0,0,1,0,0,0,0,0,1,0,0
-1.6736562548051142,1,1,0,-1.0859315012303785,-0.5076392099107573,1,0,1,0,0,0,0,0,1,0,0,0,0
-1.3665295519011036,1,3,0,-1.6268601451575895,1.6139925542422542,1,0,0,1,0,0,0,0,0,1,0,0,0
1.1519094119117812,3,0,3,1.1389531775392674,0.889532927458299,1,0,0,1,0,0,0,0,0,1,0,0,0
-1.3665295519011036,1,1,0,-0.09102822615715533,0.5790502302651754,0,1,0,0,1,0,0,0,0,0,1,0,0
1.2747600930733853,2,0,0,0.9659342523120563,0.8377858112594451,0,1,1,0,0,0,0,0,0,0,1,0,0
0.10767862203814604,0,0,0,-1.009646692471413,0.7342915788617372,1,0,0,1,0,0,1,0,0,0,0,0,0
0.04625328145734397,3,4,1,0.4065123214129749,-0.7663747909050269,1,0,0,1,0,0,1,0,0,0,0,0,0
-0.6294254649314788,1,3,0,-0.27293815473622723,-1.3355930690924203,1,0,0,0,1,0,1,0,0,0,0,0,0
1.0904840713309791,2,1,0,-1.6615350582298467,0.9930271598560069,1,0,0,1,0,1,0,0,0,0,0,0,0
0.7219320278461667,1,0,0,-1.133942919330427,-1.1803517204958585,0,1,0,1,0,0,0,0,0,0,1,0,0
1.5204614553965936,2,2,0,1.346113555637624,-0.4558920937119033,1,0,0,1,0,0,1,0,0,0,0,0,0
0.967633390169375,2,3,1,-1.2914914987254003,0.889532927458299,1,0,0,0,1,0,0,0,1,0,0,0,0
1.5204614553965936,1,0,0,1.3356221716824281,0.21682041687319786,0,1,0,1,0,0,0,0,0,0,1,0,0
0.47623066552295845,0,1,2,1.033150237652124,0.47555599786746755,0,1,0,1,0,0,0,0,0,0,0,0,1
1.5204614553965936,2,3,3,-0.01456559733115248,0.941280043657153,0,1,0,1,0,0,0,0,0,0,1,0,0
-0.3222987620274685,0,0,2,-0.4082592257515486,1.1482685084525688,1,0,0,0,1,0,1,0,0,0,0,0,0
-1.4279548924819057,0,0,0,0.07381097598634385,0.5273031140663215,0,1,0,0,1,0,0,0,0,1,0,0,0
1.2133347524925833,2,1,3,-0.2738272550714133,0.26856753307205183,1,0,0,1,0,0,1,0,0,0,0,0,0
0.3533799843613543,0,1,0,-0.9223370395561399,-0.9216161395015887,1,0,0,1,0,0,0,0,1,0,0,0,0
0.23052930319975018,1,2,0,0.6805330447173247,-0.7663747909050269,1,0,0,1,0,0,1,0,0,0,0,0,0
0.5376560061037605,1,1,1,-1.0789965186159272,-1.1286046042970044,1,0,1,0,0,0,1,0,0,0,0,0,0
-1.4893802330627077,1,3,0,-0.46765112814197873,-0.9216161395015887,0,1,0,0,1,0,0,0,0,1,0,0,0
0.23052930319975018,1,0,0,-0.4089705060196975,-1.1803517204958585,0,1,0,1,0,0,0,0,0,0,0,0,1
0.1691039626189481,1,0,1,1.2451117575604853,-1.2320988366947123,0,1,0,1,0,0,0,0,0,0,0,0,1
1.3976107742349895,2,3,1,-0.035726185308581175,-0.6111334423084651,1,0,0,1,0,0,0,0,0,0,1,0,0
0.4148053249421564,2,1,0,-0.8750369017242404,-1.3355930690924203,1,0,0,0,1,0,0,0,0,0,1,0,0
1.2133347524925833,0,0,0,0.26461190791727657,-0.4558920937119033,1,0,0,1,0,0,0,0,0,0,1,0,0
-0.5680001243506767,2,1,1,1.1565573641759517,0.42380888166861364,0,1,1,0,0,0,1,0,0,0,0,0,0
1.5818867959773957,1,0,1,-0.8149337190656615,-0.8181219071038809,0,1,0,1,0,0,0,0,0,0,1,0,0
1.4590361148157915,1,0,2,1.3237082271909348,-0.09366228031992574,0,1,0,1,0,0,0,0,0,0,1,0,0
-1.6122309142243119,0,0,3,-0.9881304643599098,-1.0251103718992967,1,0,0,0,1,0,0,0,1,0,0,0,0
-0.3222987620274685,1,1,3,-0.17318109712834912,0.26856753307205183,0,1,0,1,0,0,1,0,0,0,0,0,0
-0.6294254649314788,1,1,0,0.7374354661692338,0.6825444626628833,0,1,0,0,1,0,1,0,0,0,0,0,0
-0.015172059123458105,1,1,1,1.4567176373347723,1.2000156246514226,1,0,0,1,0,0,0,0,0,0,1,0,0
-0.4451494431890726,1,0,1,-0.3993682223996878,-0.5593863261096111,1,0,0,1,0,0,0,0,0,1,0,0,0
-0.26087342144666636,2,2,0,0.6318103463491275,-1.1286046042970044,1,0,0,1,0,0,0,0,0,0,0,1,0
-1.2436788707394995,2,0,1,-0.3301962163222108,1.4070040894468385,0,1,0,1,0,0,0,0,0,1,0,0,0
-1.6736562548051142,0,1,2,-1.6830512863413498,-1.0768574880981505,1,0,0,1,0,0,0,0,1,0,0,0,0
0.967633390169375,1,4,2,-1.0288512597114323,0.26856753307205183,0,1,1,0,0,0,0,0,0,1,0,0,0
0.9062080495885729,2,1,0,0.6318103463491275,-0.5076392099107573,0,1,0,1,0,0,0,1,0,0,0,0,0
-0.19944808086586432,1,1,0,0.242740039671699,-1.0768574880981505,0,1,0,1,0,0,0,0,1,0,0,0,0
0.04625328145734397,3,1,0,1.0511100644228828,1.5104983218445462,0,1,0,1,0,0,0,0,0,0,1,0,0
0.04625328145734397,1,3,0,1.0038099265909832,-0.4558920937119033,1,0,0,1,0,0,1,0,0,0,0,0,0
-1.0594028489970932,2,2,3,1.6893062850194507,-0.7146276747061729,0,1,0,0,1,0,0,1,0,0,0,0,0
0.47623066552295845,1,0,0,0.5297416278697655,-1.2838459528935662,1,0,0,0,1,0,0,0,0,0,1,0,0
1.4590361148157915,3,1,2,0.2125106282753723,-0.5593863261096111,0,1,0,1,0,0,0,0,0,1,0,0,0
-1.7350815953859162,1,0,1,0.8350586829726654,-1.3355930690924203,1,0,0,1,0,0,0,0,0,0,0,0,1
-0.8137014866738851,3,0,2,-1.6234815638838824,-1.1803517204958585,1,0,1,0,0,0,0,0,0,0,1,0,0
-1.6736562548051142,1,4,0,1.3907463924639651,-1.2838459528935662,0,1,0,1,0,1,0,0,0,0,0,0,0
-0.9979775084162913,1,0,3,-0.8216908816130757,1.3552569732479844,1,0,0,1,0,1,0,0,0,0,0,0,0
0.3533799843613543,2,0,1,-0.9061554134557532,1.7174867866399621,1,0,0,1,0,0,1,0,0,0,0,0,0
1.2133347524925833,1,0,0,-0.8864173860146223,-0.9216161395015887,1,0,0,0,1,0,0,0,0,1,0,0,0
1.3976107742349895,3,0,0,-1.2285431949942258,-1.2320988366947123,0,1,0,0,1,0,0,0,0,1,0,0,0
0.5990813466845626,1,4,1,-1.3871586947914225,-1.2320988366947123,1,0,0,0,1,0,0,0,0,0,0,0,1
-0.3222987620274685,0,1,0,-0.5716758673587501,1.0447742760548608,0,1,0,0,1,0,0,0,1,0,0,0,0
-0.015172059123458105,2,1,0,-1.077218317945555,1.0447742760548608,1,0,0,0,1,1,0,0,0,0,0,0,0
-1.3051042113203015,2,2,3,0.3072887240062084,0.21682041687319786,1,0,1,0,0,0,0,0,0,1,0,0,0
-0.752276146093083,1,1,1,1.5769240026519302,1.3035098570491306,1,0,1,0,0,0,0,0,0,0,1,0,0
0.4148053249421564,2,1,1,0.7217873002699587,1.0965213922537147,1,0,0,1,0,0,0,0,0,0,0,0,1
-0.8751268272546872,2,4,0,-0.7350925089659515,-1.439087301490128,1,0,0,1,0,0,0,0,1,0,0,0,0
-1.1822535301586974,2,1,1,-0.9838627827510167,0.16507330067434395,0,1,0,1,0,0,1,0,0,0,0,0,0
-0.3222987620274685,3,0,0,-0.16393445364241388,0.00983195207778213,0,1,0,0,1,0,1,0,0,0,0,0,0
0.47623066552295845,1,3,0,-1.7027893137824808,-1.1286046042970044,0,1,0,0,1,0,0,0,0,0,1,0,0
-1.1822535301586974,2,2,1,-1.2002698043353084,-1.1286046042970044,0,1,0,0,1,0,1,0,0,0,0,0,0
1.4590361148157915,0,1,0,-0.6212876660621333,0.5790502302651754,1,0,0,0,1,1,0,0,0,0,0,0,0
-0.13802274028506226,0,3,0,-0.5055268024209058,1.0447742760548608,1,0,0,1,0,0,1,0,0,0,0,0,0
-0.015172059123458105,1,0,0,-1.0610366918451684,1.769233902838816,1,0,0,1,0,0,1,0,0,0,0,0,0
1.5818867959773957,3,0,0,-1.1218511547718961,0.7860386950605912,1,0,0,0,1,0,1,0,0,0,0,0,0
-0.5680001243506767,0,2,0,-1.4627322232822393,-0.4558920937119033,1,0,0,1,0,0,0,0,1,0,0,0,0
0.1691039626189481,2,1,2,-1.0985567259900209,-1.542581533887836,1,0,0,1,0,1,0,0,0,0,0,0,0
-1.1822535301586974,1,1,0,0.13444761884603448,-1.2320988366947123,0,1,0,0,1,0,0,0,1,0,0,0,0
-0.6294254649314788,2,0,0,0.6533265744606306,-0.8181219071038809,0,1,0,0,1,0,0,0,0,0,0,1,0
-0.6294254649314788,1,1,0,-1.0711724356662897,-1.439087301490128,1,0,0,1,0,0,1,0,0,0,0,0,0
-0.9365521678354892,2,3,0,1.4092396794358357,-0.4558920937119033,1,0,0,0,1,0,0,0,0,1,0,0,0
1.2747600930733853,0,4,1,1.2673392659401372,1.6139925542422542,0,1,0,1,0,0,0,0,0,0,1,0,0
0.10767862203814604,2,0,3,0.023310076947774518,-0.5593863261096111,1,0,0,1,0,0,0,0,0,0,1,0,0
-0.752276146093083,0,3,0,-1.478202569114477,0.9930271598560069,0,1,0,0,1,0,0,0,0,0,1,0,0
-1.6122309142243119,0,1,0,0.7694430782359326,1.6139925542422542,0,1,0,0,1,0,1,0,0,0,0,0,0
0.6605066872653647,2,0,1,0.9166780937427474,-0.19715651271763363,1,0,1,0,0,0,0,0,1,0,0,0,0
0.6605066872653647,1,0,1,1.1241941119751784,-1.2838459528935662,1,0,0,1,0,0,0,0,0,0,1,0,0
-0.752276146093083,0,1,3,-1.1684400123356469,1.665739670441108,0,1,0,1,0,0,1,0,0,0,0,0,0
-0.07659739970426017,1,0,1,-0.019722379275231742,-0.6111334423084651,1,0,1,0,0,0,0,0,1,0,0,0,0
-0.8137014866738851,2,0,1,0.18121429647682227,0.26856753307205183,0,1,0,1,0,0,0,0,0,0,0,0,1
0.9062080495885729,1,3,0,-1.2745985923568648,-0.5593863261096111,0,1,0,0,1,0,0,0,0,0,0,0,1
0.3533799843613543,0,1,2,-1.2011589046704945,-1.439087301490128,0,1,0,1,0,1,0,0,0,0,0,0,0
-1.7350815953859162,1,2,0,1.1202820705003598,1.1482685084525688,0,1,0,0,1,0,0,1,0,0,0,0,0
0.7833573684269688,2,4,1,-1.091266103241495,0.11332618447549,0,1,0,1,0,0,0,0,1,0,0,0,0
1.1519094119117812,1,0,0,-0.062221375297126354,0.7860386950605912,0,1,0,0,1,1,0,0,0,0,0,0,0
0.5990813466845626,1,3,0,0.6334107269524625,1.665739670441108,1,0,0,1,0,0,0,0,0,0,1,0,0
-0.38372410260827056,2,0,3,-0.2697373935295574,1.1482685084525688,0,1,0,0,1,0,0,0,1,0,0,0,0
1.5204614553965936,0,0,0,1.1531787829022446,1.4070040894468385,0,1,0,0,1,0,0,0,0,1,0,0,0
-0.8751268272546872,2,0,0,1.523222342406691,-1.490834417688982,0,1,0,1,0,0,1,0,0,0,0,0,0
-0.9979775084162913,0,0,0,0.8172766762689437,0.16507330067434395,1,0,0,1,0,0,0,0,0,0,1,0,0
1.2747600930733853,2,1,1,0.8702670562460341,-1.2320988366947123,0,1,0,0,1,0,1,0,0,0,0,0,0
1.2747600930733853,0,0,0,-1.4424607356399965,0.47555599786746755,0,1,1,0,0,1,0,0,0,0,0,0,0
-0.8137014866738851,3,2,0,0.7379689263703454,-1.0251103718992967,1,0,0,1,0,0,0,0,1,0,0,0,0
-0.8751268272546872,1,1,3,-0.5165516465772131,-0.6628805585073191,1,0,0,1,0,0,0,0,0,0,0,1,0
0.967633390169375,0,3,0,-0.8113773177249172,1.1482685084525688,0,1,0,1,0,0,0,0,0,0,1,0,0
1.5204614553965936,3,1,3,0.6165178205839269,-1.6978228824843977,0,1,1,0,0,0,0,0,1,0,0,0,0
-0.752276146093083,3,2,2,-1.3551510827247235,-0.6628805585073191,0,1,0,1,0,0,1,0,0,0,0,0,0
-0.13802274028506226,2,1,0,-0.8504977324731047,-1.3355930690924203,1,0,1,0,0,0,0,1,0,0,0,0,0
-0.13802274028506226,1,1,0,-1.6521105946768742,1.0447742760548608,0,1,0,0,1,0,1,0,0,0,0,0,0
1.3976107742349895,0,1,0,0.8955175057653187,1.2517627408502765,1,0,0,1,0,0,0,0,1,0,0,0,0
1.1519094119117812,3,3,1,-1.6949652308328431,0.00983195207778213,1,0,1,0,0,0,0,0,0,1,0,0,0
0.6605066872653647,1,1,0,-0.8549432341490351,-0.4558920937119033,1,0,0,0,1,0,0,0,0,0,1,0,0
-1.1208281895778953,1,3,1,-1.008046311868078,-1.3873401852912741,0,1,0,1,0,0,0,0,0,0,1,0,0
-1.0594028489970932,1,4,0,0.11968855328194557,-0.09366228031992574,1,0,1,0,0,1,0,0,0,0,0,0,0
-0.6908508055122808,1,0,2,-0.25693434870287785,0.16507330067434395,0,1,1,0,0,0,1,0,0,0,0,0,0
-1.0594028489970932,2,1,1,0.675020622639171,1.0965213922537147,0,1,0,1,0,0,0,0,0,0,0,0,1
1.5204614553965936,1,1,3,0.21660048981722826,-1.6978228824843977,0,1,0,1,0,0,0,0,0,0,1,0,0
-0.8137014866738851,0,0,0,0.6417682701032116,0.7342915788617372,0,1,0,0,1,0,0,0,0,0,1,0,0
-0.38372410260827056,2,4,0,0.4202044665748405,-1.1286046042970044,0,1,1,0,0,0,0,0,0,0,1,0,0
-1.1208281895778953,0,1,1,-0.06684469704009396,-1.59432865008669,0,1,0,1,0,0,1,0,0,0,0,0,0
0.5990813466845626,0,4,1,-1.381112812512157,0.5273031140663215,1,0,0,1,0,0,0,1,0,0,0,0,0
-1.0594028489970932,2,1,1,1.4679203015581168,-0.09366228031992574,0,1,0,1,0,1,0,0,0,0,0,0,0
-0.3222987620274685,1,0,0,-1.592718692286444,0.16507330067434395,0,1,0,1,0,0,0,0,0,0,1,0,0
1.1519094119117812,0,3,1,-1.3658202867469564,1.0447742760548608,1,0,0,1,0,0,1,0,0,0,0,0,0
-1.4279548924819057,1,3,0,-0.7315361076252072,-0.8698690233027347,1,0,0,0,1,0,1,0,0,0,0,0,0
-1.3051042113203015,1,0,0,-0.43190929466749833,-0.5076392099107573,0,1,0,0,1,0,1,0,0,0,0,0,0
-0.015172059123458105,2,2,0,1.0959207213162612,-0.4558920937119033,1,0,0,1,0,0,0,0,1,0,0,0,0
-1.5508055736435098,1,0,2,0.7936266073529941,1.2517627408502765,1,0,0,0,1,0,1,0,0,0,0,0,0
1.2133347524925833,3,2,2,0.43727519301041323,1.5104983218445462,1,0,0,0,1,0,0,0,0,0,1,0,0
-0.07659739970426017,1,1,0,1.6765032401927713,0.26856753307205183,0,1,0,1,0,0,0,0,0,0,1,0,0
1.029058730750177,3,0,0,1.7602564917673,-0.6111334423084651,0,1,0,0,1,0,0,0,0,0,1,0,0
-1.3051042113203015,1,0,1,-0.33908721967407157,-1.0768574880981505,1,0,0,0,1,0,1,0,0,0,0,0,0
-0.19944808086586432,3,0,0,0.8108751538556039,-0.5076392099107573,1,0,0,0,1,1,0,0,0,0,0,0,0
0.23052930319975018,2,2,1,-1.0718837159344385,-0.5593863261096111,0,1,0,0,1,0,1,0,0,0,0,0,0
-1.7350815953859162,1,2,1,0.46430384320007007,-0.9733632557004427,1,0,0,0,1,0,0,0,0,0,0,1,0
-0.19944808086586432,0,0,1,-1.607477757850533,-0.4558920937119033,1,0,0,1,0,0,0,0,0,0,0,0,1
1.4590361148157915,0,0,2,-0.7320695678263188,0.11332618447549,0,1,0,0,1,0,0,1,0,0,0,0,0
-1.6122309142243119,2,0,0,0.37912803108924364,-0.19715651271763363,1,0,0,0,1,0,0,0,0,1,0,0,0
1.4590361148157915,0,0,0,-0.5035707816834963,1.4070040894468385,1,0,0,1,0,0,1,0,0,0,0,0,0
-1.1822535301586974,2,3,2,0.9972305841106063,1.5104983218445462,1,0,0,1,0,0,0,0,0,0,1,0,0
0.8447827090077709,0,1,1,0.8176323164030181,0.5273031140663215,1,0,0,1,0,0,1,0,0,0,0,0,0
-0.6908508055122808,0,3,2,0.48937647265231754,-1.59432865008669,0,1,0,0,1,0,1,0,0,0,0,0,0
-1.3665295519011036,3,0,2,-0.23168389918359317,-0.40414497751304934,1,0,0,1,0,1,0,0,0,0,0,0,0
0.6605066872653647,1,0,0,-0.27151559419992954,1.1482685084525688,0,1,0,1,0,0,0,0,1,0,0,0,0
0.9062080495885729,1,0,2,-0.7786584253900695,-1.0768574880981505,1,0,0,1,0,0,0,1,0,0,0,0,0
-1.3665295519011036,2,3,0,0.37468252941331326,0.6825444626628833,0,1,0,0,1,0,1,0,0,0,0,0,0
0.4148053249421564,0,2,0,0.3421414571455027,0.37206176546975966,0,1,0,0,1,0,0,0,1,0,0,0,0
-1.4893802330627077,1,0,0,1.6709908181146176,1.3035098570491306,0,1,0,0,1,0,0,1,0,0,0,0,0
1.7047374771389998,1,0,1,0.43247405120040844,-0.19715651271763363,0,1,0,1,0,0,0,0,0,0,0,0,1
-0.8751268272546872,1,0,2,-1.569602083571606,-1.542581533887836,1,0,0,1,0,0,0,0,0,0,1,0,0
1.3976107742349895,2,4,2,-0.7162435818600066,0.9930271598560069,0,1,0,1,0,0,0,0,0,0,1,0,0
0.1691039626189481,1,1,1,-1.2918471388594746,-1.6978228824843977,1,0,0,1,0,0,0,0,0,0,1,0,0
1.3976107742349895,2,0,0,-0.5736318880961594,-1.1803517204958585,0,1,0,1,0,1,0,0,0,0,0,0,0
-0.3222987620274685,3,4,0,-1.5678238829012339,0.8377858112594451,0,1,0,1,0,0,1,0,0,0,0,0,0
-0.38372410260827056,1,2,0,0.7863359846044682,0.5273031140663215,1,0,0,0,1,0,0,0,0,1,0,0,0
-0.9979775084162913,2,0,0,1.3580275001291175,1.2000156246514226,1,0,0,0,1,0,1,0,0,0,0,0,0
1.3976107742349895,2,0,0,-0.6540065583969811,0.7342915788617372,0,1,0,1,0,0,0,0,1,0,0,0,0
-0.4451494431890726,1,0,2,1.247245598364932,-1.3873401852912741,1,0,0,0,1,0,0,0,0,0,1,0,0
0.23052930319975018,1,1,3,-0.34637784242259745,0.7342915788617372,1,0,0,1,0,0,1,0,0,0,0,0,0
-0.6294254649314788,0,3,2,0.05069436727150577,0.26856753307205183,0,1,0,1,0,0,0,0,0,0,1,0,0
-1.7350815953859162,1,0,2,-1.3706214285569613,1.769233902838816,0,1,0,1,0,0,1,0,0,0,0,0,0
0.23052930319975018,2,2,2,-1.6032100762416397,-0.09366228031992574,1,0,0,1,0,1,0,0,0,0,0,0,0
-1.4893802330627077,2,3,2,-0.0382156662471022,-0.3006507451153415,0,1,0,0,1,0,0,1,0,0,0,0,0
-1.6736562548051142,2,0,0,1.56927773976933,0.47555599786746755,1,0,1,0,0,1,0,0,0,0,0,0,0
1.3976107742349895,2,2,2,-0.5940811958054393,1.7174867866399621,0,1,1,0,0,0,1,0,0,0,0,0,0
0.23052930319975018,1,0,1,-1.1801761367601031,0.16507330067434395,1,0,0,1,0,0,0,0,0,1,0,0,0
1.3361854336541874,1,4,0,-1.2116502886256904,-0.6628805585073191,0,1,0,0,1,0,0,0,1,0,0,0,0
0.3533799843613543,3,0,0,0.12448969509195039,-1.439087301490128,1,0,0,1,0,0,0,0,0,0,0,0,1
-0.5065747837698746,2,3,0,0.7891811056770636,-0.6628805585073191,1,0,0,1,0,0,1,0,0,0,0,0,0
0.7833573684269688,0,3,1,0.1458281031364163,1.2000156246514226,1,0,0,1,0,0,0,0,0,0,0,1,0
-0.6294254649314788,0,4,1,0.9422841833961065,1.3552569732479844,0,1,0,1,0,0,1,0,0,0,0,0,0
-0.6294254649314788,2,0,0,-0.4416893983545452,0.06157906827663607,1,0,0,1,0,0,0,0,0,1,0,0,0
0.5990813466845626,0,1,0,0.5452119737020034,-0.9733632557004427,0,1,0,0,1,1,0,0,0,0,0,0,0
0.7219320278461667,1,3,1,-1.5447072741863956,-0.0419151641210718,1,0,0,0,1,0,0,1,0,0,0,0,0
-1.3051042113203015,1,0,3,0.3099560250117666,1.6139925542422542,0,1,0,1,0,0,0,0,0,0,1,0,0
-1.4893802330627077,1,4,2,-0.22706057744062555,0.00983195207778213,0,1,0,1,0,0,0,1,0,0,0,0,0
0.3533799843613543,1,1,1,1.5006391938929646,-0.6111334423084651,0,1,0,0,1,0,0,0,0,0,1,0,0
0.47623066552295845,3,0,0,1.5168208199933513,-1.490834417688982,1,0,0,1,0,0,0,0,0,0,1,0,0
0.29195464378055225,1,0,0,-1.0158703948177155,1.1482685084525688,1,0,0,1,0,0,1,0,0,0,0,0,0
-0.9365521678354892,0,2,1,-1.6841182067435732,0.32031464927090575,1,0,0,1,0,0,0,0,0,0,1,0,0
-0.38372410260827056,2,1,0,1.4247100252680733,1.3552569732479844,0,1,0,1,0,0,0,1,0,0,0,0,0
-1.7350815953859162,2,3,2,-0.8743256214560916,0.6307973464640294,1,0,0,1,0,0,0,0,1,0,0,0,0
-1.3051042113203015,1,0,0,0.6069155369639173,1.7174867866399621,0,1,0,1,0,0,1,0,0,0,0,0,0
0.967633390169375,2,0,1,0.2916405581069334,0.11332618447549,0,1,0,0,1,0,0,0,0,0,0,0,1
-0.6294254649314788,2,1,2,0.594290312204275,1.6139925542422542,0,1,1,0,0,0,0,0,1,0,0,0,0
-1.6122309142243119,1,1,1,0.7715769190403793,0.16507330067434395,1,0,0,1,0,0,0,0,0,1,0,0,0
0.29195464378055225,2,0,0,0.9732248750605821,-0.8698690233027347,1,0,0,1,0,0,0,0,1,0,0,0,0
0.47623066552295845,3,0,1,-1.1638166905926792,-1.2320988366947123,1,0,0,0,1,0,0,0,0,0,0,1,0
-0.9979775084162913,0,0,0,1.233375633136029,1.0965213922537147,0,1,0,0,1,0,0,0,0,1,0,0,0
1.0904840713309791,1,1,3,-0.6090180814365654,0.26856753307205183,1,0,1,0,0,0,0,0,0,0,1,0,0
-0.26087342144666636,0,1,0,-0.7251345852118675,0.7860386950605912,0,1,0,0,1,0,0,0,0,0,1,0,0
0.4148053249421564,0,0,1,-0.9354957245168939,-0.4558920937119033,1,0,0,0,1,0,0,1,0,0,0,0,0
-1.7350815953859162,1,1,0,-0.30743524774144715,1.4070040894468385,0,1,0,1,0,0,1,0,0,0,0,0,0
1.2133347524925833,1,1,0,0.8715117967152946,0.47555599786746755,1,0,0,1,0,0,0,1,0,0,0,0,0
1.6433121365581977,3,0,0,1.3180179850457439,-0.4558920937119033,1,0,0,1,0,0,1,0,0,0,0,0,0
-0.38372410260827056,1,0,0,0.41113564315594253,-0.6628805585073191,1,0,0,0,1,1,0,0,0,0,0,0,0
-0.13802274028506226,2,0,1,0.9454849446027764,1.2000156246514226,0,1,0,1,0,0,0,1,0,0,0,0,0
-0.5680001243506767,2,1,0,0.49311069406009905,0.6825444626628833,0,1,0,0,1,0,0,0,0,0,1,0,0
-0.3222987620274685,2,2,1,-0.09903012917383006,0.42380888166861364,0,1,0,1,0,0,0,0,0,1,0,0,0
-0.26087342144666636,0,1,0,1.0096779888032115,-0.8698690233027347,1,0,0,0,1,0,1,0,0,0,0,0,0
0.5990813466845626,0,0,0,1.3843448700506253,1.769233902838816,0,1,0,1,0,0,0,0,1,0,0,0,0
-0.5680001243506767,3,0,0,-1.4911834340081938,0.16507330067434395,0,1,0,1,0,1,0,0,0,0,0,0,0
-0.19944808086586432,2,0,0,-0.8330713659034575,-0.40414497751304934,1,0,0,1,0,1,0,0,0,0,0,0,0
1.029058730750177,2,0,0,1.5822586046630467,1.2000156246514226,1,0,0,1,0,0,0,0,1,0,0,0,0
0.7833573684269688,0,1,1,0.6391009690976533,-0.8181219071038809,1,0,0,0,1,0,0,0,0,1,0,0,0
-0.4451494431890726,2,0,1,1.622801579947532,-0.5076392099107573,0,1,0,0,1,0,0,0,0,0,0,1,0
0.7219320278461667,0,1,1,-1.5315485892256417,-0.3006507451153415,1,0,0,1,0,0,0,0,0,0,1,0,0
-1.2436788707394995,2,1,2,-0.09245078669345307,-0.19715651271763363,0,1,0,1,0,0,0,0,1,0,0,0,0
0.5990813466845626,2,1,0,-1.529414748421195,1.0447742760548608,0,1,0,1,0,0,0,0,0,0,1,0,0
-1.7350815953859162,0,4,0,0.6465694119132164,-0.3006507451153415,0,1,0,1,0,0,0,0,1,0,0,0,0
0.7219320278461667,2,3,0,0.09248208302525153,-1.1803517204958585,1,0,0,1,0,0,0,0,0,0,1,0,0
0.47623066552295845,2,1,0,-0.7839930274011859,-0.0419151641210718,1,0,0,0,1,0,0,0,0,1,0,0,0
-0.6908508055122808,2,1,0,-0.6902818520725731,-0.7146276747061729,1,0,0,0,1,0,0,0,0,1,0,0,0
-1.7350815953859162,3,3,0,1.0475536630821385,1.3552569732479844,1,0,0,0,1,0,0,1,0,0,0,0,0
0.3533799843613543,2,1,2,-0.6529396379947577,1.3552569732479844,1,0,0,0,1,0,1,0,0,0,0,0,0
-0.5680001243506767,1,0,0,0.20930986706870242,0.37206176546975966,0,1,0,1,0,0,0,1,0,0,0,0,0
-0.6294254649314788,3,2,2,-0.8773485625957242,0.47555599786746755,1,0,0,1,0,0,0,0,0,0,0,0,1
1.3361854336541874,1,0,0,-1.262506827798334,0.6307973464640294,1,0,1,0,0,0,0,0,0,0,0,0,1
-0.26087342144666636,0,3,1,1.2799644906997796,0.06157906827663607,1,0,0,1,0,0,0,0,0,1,0,0,0
-1.4279548924819057,0,0,0,-1.2713978311501948,-0.3006507451153415,1,0,0,0,1,0,0,0,0,1,0,0,0
1.1519094119117812,1,4,1,1.3850561503187744,-1.59432865008669,0,1,0,0,1,0,0,0,0,1,0,0,0
0.23052930319975018,1,2,1,-1.5096767209800641,1.3552569732479844,0,1,0,0,1,0,0,0,0,1,0,0,0
1.5204614553965936,2,1,2,0.7264106220129264,0.8377858112594451,1,0,0,1,0,0,0,0,1,0,0,0,0
1.3976107742349895,2,1,0,-0.9452758282039407,-1.542581533887836,0,1,0,0,1,0,1,0,0,0,0,0,0
0.9062080495885729,2,0,0,-0.19363040483762894,-1.6460757662855439,0,1,0,1,0,0,1,0,0,0,0,0,0
1.2747600930733853,2,1,0,-0.6285782888106591,-0.3523978613141954,1,0,0,0,1,0,1,0,0,0,0,0,0
-0.19944808086586432,3,1,0,0.767309237431486,-1.1803517204958585,0,1,0,0,1,0,0,0,0,1,0,0,0
-0.752276146093083,1,4,0,1.7188244161476287,-1.1803517204958585,1,0,0,1,0,0,1,0,0,0,0,0,0
1.029058730750177,1,3,1,-0.6337350707547384,0.6307973464640294,1,0,0,0,1,0,0,0,0,1,0,0,0
1.0904840713309791,0,0,3,-0.46445036693530883,1.4070040894468385,1,0,0,0,1,1,0,0,0,0,0,0,0
-1.3051042113203015,1,3,0,0.4056232210777888,-1.1286046042970044,0,1,0,0,1,0,0,0,1,0,0,0,0
1.2133347524925833,2,0,0,-0.6438708145758597,1.3035098570491306,1,0,0,0,1,0,0,0,0,1,0,0,0
